time_s,web_burned_m,web_burned_mm,d_i_m,L_g_m,A_b_m2,A_p_m2,K_b,P_c_MPa,P_c_psia,r_b_mm_s,mdot_gen_kg_s,mass_flux_wall_kg_m2s,v_inflow_m_s,T_c_K,MW_g_gmol,Gamma_g,rho_g_kg_m3
0.0,0.0,0.0,0.04,0.15,0.06408849013323178,0.0012566370614359172,251.8518518518519,8.457108670238469,1226.5994277158986,12.37961149885815,1.3884335664461733,21.66432012300176,1.8554137798304002,2800.0,32.142123074006385,1.22,11.67627424055353
0.005,6.189805749429075e-05,0.061898057494290754,0.040123796114988584,0.1498762038850114,0.06414279406915843,0.0012644274373460813,252.06525283535984,8.46866963916178,1228.2762038362148,12.386039545053713,1.3903315717739577,21.675569203843995,1.8566866300994185,2800.0,32.09289487289783,1.22,11.674328264368096
0.01,0.0001238282552195593,0.12382825521955931,0.04024765651043912,0.14975234348956087,0.06419683709861657,0.0012722459503244777,252.27762852123448,8.480181019983982,1229.9457878133514,12.392434616218098,1.3922214360470677,21.686760578381673,1.8577215948586285,2800.0,32.04801362322703,1.22,11.673848567191802
0.015,0.0001857904283006498,0.1857904283006498,0.0403715808566013,0.1496284191433987,0.06425061862865467,0.0012800926169789304,252.48897657932358,8.491642598310717,1231.6081485520476,12.398796674850766,1.3941031240676192,21.69789418098884,1.858582102981979,2800.0,32.00636201454495,1.22,11.674434046349594
0.02,0.0002477844116749036,0.24778441167490362,0.04049556882334981,0.1495044311766502,0.06430413806900878,0.0012879674536559911,252.6992946900364,8.503054160536175,1233.263255071413,12.405125683638664,1.3959766007671883,21.708969946367663,1.8593206039637535,2800.0,31.967021582077415,1.22,11.675753982442753
0.025,0.0003098100400930969,0.30981004009309693,0.04061962008018619,0.1493803799198138,0.06435739483211171,0.0012958704764403624,252.90858054437973,8.514415493849107,1234.9110765057965,12.411421605456553,1.397841831207796,21.719987809548968,1.8599787407116175,2800.0,31.929266482802273,1.22,11.677546271974604
0.030000000000000002,0.0003718671481203797,0.3718671481203797,0.04074373429624076,0.14925626570375924,0.06441038833310211,0.0013038017011543265,253.11683184399377,8.525726386238778,1236.5515821056538,12.417684403367296,1.3996987805828878,21.730947705892767,1.8605903722789772,2800.0,31.892509284303447,1.22,11.679598061810472
0.035,0.00043395557013721617,0.43395557013721614,0.04086791114027443,0.14913208885972556,0.06446311798983353,0.0013117611433571756,253.32404630118745,8.53698662650091,1238.1847412384056,12.423914040622149,1.4015474142183064,21.74184957108876,1.8611840031167886,2800.0,31.85625789104258,1.22,11.681730304300531
0.04,0.0004960751403403269,0.49607514034032696,0.04099215028068066,0.14900784971931935,0.06451558322288353,0.001319748818344647,253.5302216389745,8.548196004243625,1239.8105233893023,12.430110480661064,1.40338769757327,21.752693341156863,1.8617844315587062,2800.0,31.820086469852015,1.22,11.683787323833872
0.045,0.0005582256927436323,0.5582256927436323,0.041116451385487265,0.14888354861451272,0.06456778345556252,0.0013277647411483588,253.73535559110803,8.559354309893322,1241.4288981622744,12.43627368711298,1.4052195962413367,21.763478952447716,1.714974423715519,2800.0,34.51611061832641,1.22,12.690264444467225
0.049999999999999996,0.0006204070611791972,0.6204070611791972,0.041240814122358395,0.1487591858776416,0.06461971811392292,0.001335808926535256,253.93944590211657,8.570461334700608,1243.0398352807943,12.442403623796121,1.4070430759513772,21.774206341643215,1.1348661723560913,2800.0,52.117751090471884,1.22,19.186585054727523
0.05499999999999999,0.0006826190792981778,0.6826190792981778,0.04136523815859636,0.14863476184140365,0.06467138662676795,0.0013438813890070513,254.14249032733866,8.581516870746148,1244.6433045887234,12.448500254718292,1.4088581025685354,21.78487544575701,1.7334332274397564,2800.0,34.09385325872635,1.22,12.567473093805178
0.05999999999999999,0.0007448615805717692,0.7448615805717692,0.04148972316114354,0.14851027683885645,0.06472278842566048,0.0013519821427996773,254.34448663295746,8.59252071094648,1246.2392760511577,12.454563544077132,1.4106646420951847,21.79548620213498,1.7122256247363334,2800.0,34.488727086257626,1.22,12.729330695241336
0.06499999999999999,0.0008071343982921549,0.8071343982921549,0.04161426879658431,0.1483857312034157,0.06477392294493198,0.0013601112018827364,254.54543259603614,8.603472649059915,1247.8277197552802,12.460593456260463,1.4124626606718933,21.806038548455813,1.688006427294904,2800.0,34.955947731469955,1.22,12.918220094339828
0.06999999999999999,0.0008694373655734573,0.8694373655734573,0.041738874731146916,0.14826112526885307,0.0648247896216912,0.0013682685799589606,254.7453260045519,8.614372479692273,1249.4086059111953,12.46658995584653,1.41425212457837,21.816532422731427,1.661015268334804,2800.0,35.496099813669254,1.22,13.134456280226052
0.075,0.0009317703153526899,0.9317703153526898,0.04186354063070538,0.14813645936929462,0.06487538789583304,0.0013764542904636666,254.94416465743072,8.625219998302718,1250.981904852775,12.472553007604303,1.4160330002344192,21.82696776330753,1.6321717735323873,2800.0,36.09520785002313,1.22,13.37295995265808
0.08,0.0009941330803907114,0.9941330803907114,0.041988266160781426,0.14801173383921856,0.0649257172100471,0.0013846683465642236,255.14194636458114,8.636015001209493,1252.5475870384892,12.478482576493757,1.4178052542008839,21.837344508864078,1.6036467585595318,2800.0,36.70877660018646,1.22,13.617303431885066
0.085,0.0010565254932731801,1.05652549327318,0.04211305098654636,0.14788694901345364,0.06497577700982657,0.0013929107611595176,255.33866894692915,8.646757285595701,1254.1056230522454,12.484378627666167,1.4195688531805928,21.847662598415795,1.5331675758180092,2800.0,38.36668441546228,1.22,14.250016073265279
0.09000000000000001,0.001118947386411511,1.118947386411511,0.042237894772823026,0.14776210522717698,0.06502556674347666,0.0014011815468794255,255.53433023645115,8.657446649514986,1255.6559836042134,12.490241126464374,1.421323764019296,21.857921971312656,1.4510906505621386,2800.0,40.50575089380001,1.22,15.063098892440046
0.09500000000000001,0.001181398592043833,1.181398592043833,0.04236279718408767,0.14763720281591233,0.06507508586212331,0.001409480716084285,255.72892807620838,8.668082891897258,1257.1986395316526,12.496070038423069,1.4230699537066034,21.86812256724037,1.406982967295918,2800.0,41.743781424839526,1.22,15.542563823120572
0.10000000000000002,0.0012438789422359482,1.2438789422359482,0.0424877578844719,0.1475122421155281,0.06512433381972173,0.0014178082808643778,255.92246032038042,8.67866581255439,1258.7335617997423,12.501865329269075,1.424807389376918,21.87826432622088,1.3931454476725407,2800.0,42.12652381233339,1.22,15.70422123746793
0.10500000000000002,0.0013063882688822935,1.3063882688822934,0.04261277653776459,0.1473872234622354,0.06517331007306482,0.0014261642530394086,256.1149248342983,8.689195212185833,1260.2607215023922,12.507626964921622,1.4265360383103611,21.88834718861284,1.4191992462499314,2800.0,41.322085012137855,1.22,15.42302622161775
0.11000000000000003,0.0013689264037069016,1.3689264037069016,0.0427378528074138,0.14726214719258618,0.0652220140817918,0.001434548644157993,256.3063194944783,8.699670892384303,1261.78008986307,12.513354911492632,1.4282558679337043,21.898371095112108,1.5786727471020272,2800.0,37.12009336769731,1.22,13.871380965631408
0.11500000000000003,0.0014314931782643647,1.4314931782643647,0.04286298635652873,0.14713701364347126,0.06527044530839647,0.001442961465497145,256.49664218865456,8.710092655641347,1263.2916382356088,12.519049135286972,1.4299668458212837,21.9083359867522,1.6200326684695239,2800.0,36.145565983831695,1.22,13.52339148040109
0.12000000000000004,0.0014940884239407995,1.4940884239407994,0.0429881768478816,0.1470118231521184,0.06531860321823567,0.001451402728061772,256.6858908158121,8.720460305352956,1264.7953381050183,12.524709602802735,1.4316689396959215,21.918241804904785,1.6479095763499583,2800.0,35.50791003395836,1.22,13.300633796578
0.12500000000000003,0.0015567119719548132,1.5567119719548133,0.04311342394390963,0.14688657605609037,0.06536648727953762,0.0014598724425841712,256.87406328622,8.730773645825149,1266.2911610882975,12.530336280731524,1.43336211742984,21.928088491280164,1.669168832680626,2800.0,35.02998598831447,1.22,13.137130326154264
0.13000000000000003,0.0016193636533584708,1.6193636533584708,0.04323872730671694,0.14676127269328304,0.0654140969634102,0.0014683706195235309,257.0611575214636,8.741032482279495,1267.779078935234,12.535929135958712,1.435046347045574,21.937875987927747,1.6861692592748654,2800.0,34.65156547515974,1.22,13.01048270644081
0.13500000000000004,0.0016820432990382645,1.6820432990382645,0.04336408659807653,0.14663591340192347,0.06546143174384926,0.0014768972690654355,257.24717145447704,8.75123662085864,1269.2590635292077,12.541488135563704,1.4367215967168727,21.947604237236483,1.7006626977166912,2800.0,34.3314140593569,1.22,12.905324651797986
0.14000000000000004,0.0017447507397160829,1.7447507397160829,0.04348950147943217,0.14651049852056783,0.06550849109774673,0.0014854524011213741,257.43210302957567,8.761385868631818,1270.731086887987,12.547013246820216,1.4383878347696066,21.957273181935378,1.138266919340962,2800.0,51.25705700468025,1.22,19.290091637423917
0.14500000000000005,0.001807485805950184,1.807485805950184,0.043614971611900366,0.14638502838809964,0.06555527450489887,0.0014940360253282515,257.61595020248785,8.771480033600298,1272.1951211645219,12.552504437196522,1.4400450296826632,21.966882765093914,1.2166643319858423,2800.0,47.92001671552636,1.22,18.055006781730434
0.15000000000000005,0.0018702483281361666,1.8702483281361666,0.04374049665627233,0.14625950334372767,0.0656017814480144,0.001502648151047907,257.79871094038737,8.781518924702883,1273.6511386477387,12.557961674355742,1.4416931500888461,21.976432930122545,1.1929644742915657,2800.0,48.837366116494195,1.22,18.421699391487003
0.15500000000000005,0.0019330381365079453,1.9330381365079454,0.04386607627301589,0.1461339237269841,0.06564801141272253,0.0015112887873666328,257.98038322192474,8.791502351821288,1275.099111763323,12.563384926156084,1.4433321647757615,21.985923620773146,1.1693348841537505,2800.0,49.78917113748259,1.22,18.802076221889504
0.16000000000000006,0.001995855061138726,1.995855061138726,0.043991710122277455,0.14600828987772255,0.065693963887581,0.0015199579430946989,258.16096503725885,8.80143012578556,1276.539013074503,12.56877416065111,1.4449620426867067,21.995354781139444,1.1468981914504952,2800.0,50.727684862577036,1.22,19.17812317178883
0.16500000000000006,0.0020586989319419813,2.0586989319419815,0.04411739786388397,0.14588260213611604,0.06573963836408422,0.0015286556267658797,258.34045438808903,8.811302058379491,1277.9708152828368,12.574129346090011,1.4465827529215582,22.004726355657517,1.1205846805437218,2800.0,51.88279760162732,1.22,19.636825969261466
0.17000000000000007,0.0021215695786724314,2.1215695786724313,0.04424313915734486,0.14575686084265513,0.06578503433667099,0.001537381846636988,258.51884928768527,8.82111796234591,1279.3944912289783,12.579450450917832,1.4481942647376418,22.014038289106207,1.1125596221231435,2800.0,52.22097518600495,1.22,19.7868391512321
0.17500000000000007,0.0021844668309270207,2.1844668309270205,0.04436893366185404,0.14563106633814596,0.06583015130273256,0.0015461366106874093,258.69614776092004,8.830877651392061,1280.8100138934583,12.584737443775754,1.4497965475506132,22.02329052660757,1.1269265179234806,2800.0,51.51988984391672,1.22,19.542791988947563
0.18000000000000008,0.0022473905181458996,2.2473905181458997,0.0444947810362918,0.1455052189637082,0.06587498876262052,0.001554919926618642,258.8723478442991,8.840580940194897,1282.217356397452,12.589990293501348,1.4513895709353295,22.032483013627356,1.1674270112181557,2800.0,49.69870653217921,1.22,18.872685659926173
0.18500000000000008,0.0023103404696134065,2.3103404696134064,0.04462068093922682,0.14537931906077317,0.0659195462196545,0.0015637318018538403,259.047447585992,8.850227644406347,1283.6164920035428,12.59520896912881,1.4529733046267137,22.04161569597542,1.1888637065351946,2800.0,48.76958940681898,1.22,18.540069458603586
0.19000000000000009,0.0023733165144590503,2.3733165144590505,0.0447466330289181,0.1452533669710819,0.06596382318013004,0.0015725722435373617,259.2214450458628,8.859817580658575,1285.0073941164849,12.600393439889235,1.4545477185206168,22.050688519806158,1.5057510585817293,2800.0,38.48011679087302,1.22,14.644312148500667
0.1950000000000001,0.0024363184816584963,2.436318481658496,0.044872636963316996,0.145127363036683,0.0660078191533263,0.0015814412585343218,259.39433829550046,8.86935056656922,1286.3900362839636,12.605543675210846,1.456112782674679,22.05970143161898,1.2000339155491737,2800.0,48.25101715989138,1.22,18.382564980693697
0.2000000000000001,0.0024993462000345505,2.4993462000345503,0.0449986924000691,0.1450013075999309,0.06605153365151373,0.0015903388534301436,259.5661254182489,8.878826420746583,1287.7643921973474,12.610659644719258,1.4576684673091802,22.0686543782587,1.1702625415026413,2800.0,49.44577262966537,1.22,18.8578661587528
0.2050000000000001,0.002562399498258147,2.562399498258147,0.045124798996516294,0.1448752010034837,0.06609496618996169,0.001599265034530123,259.73680450923706,8.888244962794804,1289.1304356924395,12.61574131823771,1.4592147428078923,22.077547306915992,1.13793667078211,2800.0,50.81698560011137,1.22,19.401384869460244
0.2100000000000001,0.0026254782048493355,2.6254782048493355,0.04525095640969867,0.14474904359030133,0.06613811628694619,0.0016082198078589884,259.9063736754093,8.897606013319043,1290.4881407502282,12.620788665787337,1.4607515797189268,22.086380165127842,1.106256915709813,2800.0,52.2381222536674,1.22,19.964964604046294
0.2150000000000001,0.0026885821481782723,2.688582148178272,0.04537716429635655,0.14462283570364345,0.0661809834637572,0.0016172031791604707,260.0748310355542,8.90690939393056,1291.8374814976241,12.625801657587385,1.4622789487555705,22.095152900777922,1.1021866301776948,2800.0,52.39707241837737,1.22,20.046652985815783
0.2200000000000001,0.0027517111564662093,2.7517111564662096,0.04550342231293242,0.14449657768706758,0.06622356724470638,0.001626215153896872,260.24217472033456,8.916154927251839,1293.1784322082042,12.63078026405546,1.463796820797127,22.103865462097055,1.1007337677688591,2800.0,52.432494107395684,1.22,20.08102786462221
0.22500000000000012,0.0028148650577864867,2.814865057786487,0.045629730115572975,0.14437026988442703,0.06626586715713442,0.001635255737248645,260.4084028723167,8.925342436921655,1294.5109673029451,12.635724455807782,1.465305166889748,22.11251779766362,1.099290309636193,2800.0,52.46782874705543,1.22,20.11526673511904
0.23000000000000012,0.0028780436800655254,2.8780436800655256,0.04575608736013105,0.14424391263986894,0.06630788273141851,0.0016443249341139676,260.5735136459996,8.934471747600128,1295.8350613509574,12.640634203659419,1.4668039582472614,22.121109856403983,1.0978567949060472,2800.0,52.503048730155896,1.22,20.149358239657364
0.23500000000000013,0.0029412468510838226,2.9412468510838226,0.04588249370216765,0.14411750629783235,0.06634961350097969,0.0016534227491083319,260.7375052078438,8.94354268497372,1297.1506890702096,12.645509478624515,1.4682931662519954,22.1296415875929,1.096434213495477,2800.0,52.53810464584134,1.22,20.18328260392632
0.24000000000000013,0.003004474398476945,3.004474398476945,0.04600894879695389,0.14399105120304612,0.06639105900229014,0.0016625491865641278,260.90037573630013,8.95255507576023,1298.4578253282536,12.65035025191653,1.469772762455596,22.13811294085393,1.0950233102214761,2800.0,52.57295848079819,1.22,20.2170243630488
0.24500000000000013,0.0030677261497365277,3.0677261497365276,0.04613545229947306,0.14386454770052695,0.06643221877488054,0.0016717042505302359,261.06212342183835,8.961508747713772,1299.756445142945,12.655156494948484,1.4712427185798442,22.146523866159846,1.0936245963793731,2800.0,52.60758318077746,1.22,20.25057221598674
0.2500000000000001,0.00313100193221127,3.13100193221127,0.04626200386442254,0.14373799613557744,0.06647309236134719,0.0016808879447716243,261.2227464669757,8.970403529629694,1301.0465236831585,12.659928179333173,1.4727030065174627,22.15487431383305,1.092238314847228,2800.0,52.64196444437,1.22,20.283919738644094
0.2550000000000001,0.0031943015731079358,3.1943015731079356,0.04638860314621587,0.14361139685378413,0.06651367930735935,0.0016901002727689476,261.3822430863051,8.979239251349501,1302.3280362695004,12.664665276883428,1.474153598332929,22.163164234546,1.0908648841109045,2800.0,52.67607940820071,1.22,20.3170571877101
0.2600000000000001,0.0032576248994923528,3.257624899492353,0.046515249798984706,0.14348475020101528,0.06655397916166622,0.0016993412377181512,261.5406115065229,8.988015743765708,1303.6009583750135,12.669367759612312,1.4755944662632663,22.171393579321546,1.0895032108510028,2800.0,52.709978205025116,1.22,20.350002972459013
0.2650000000000001,0.0033209717382904143,3.3209717382904143,0.04664194347658083,0.14335805652341915,0.06659399147610413,0.0017086108425300793,261.6978499664572,8.99673283882672,1304.865265625884,12.674035599733365,1.477025582718847,22.17956229953339,1.0881532466467458,2800.0,52.7436607282066,1.22,20.38275616773828
0.27000000000000013,0.003384341916289081,3.384341916289081,0.046768683832578165,0.14323131616742182,0.06663371580560358,0.0017179090898300873,261.85395671709546,9.005390369541649,1306.1209338021408,12.678668769660842,1.478446920284184,22.187670346906476,1.086814313169822,2800.0,52.7771574846236,1.22,20.41532769493394
0.27500000000000013,0.003447735260137385,3.447735260137385,0.04689547052027477,0.1431045294797252,0.06667315170819617,0.001727235981957658,262.00893002161155,9.013988169985087,1307.3679388383478,12.683267242009915,1.4798584517187132,22.19571767351735,1.0854855564451154,2800.0,52.81050777799813,1.22,20.447731931327287
0.28000000000000014,0.0035111515963474347,3.5111515963474345,0.04702230319269487,0.14297769680730513,0.06671229874502166,0.001736591520966022,262.1627681553937,9.022526075301894,1308.6062568242974,12.68783098959691,1.4812601499575822,22.20370423179459,1.084165971733773,2800.0,52.8437585724102,1.22,20.47998628502142
0.28500000000000014,0.003574590751295419,3.574590751295419,0.04714918150259084,0.14285081849740916,0.06675115648033475,0.0017459757086217848,262.3154694060711,9.031003921711928,1309.8358640056983,12.69235998543952,1.482651988112422,22.21162997451916,1.082844635115266,2800.0,52.877441564059396,1.22,20.512296274298656
0.29000000000000015,0.0036380525512226167,3.6380525512226165,0.04727610510244523,0.14272389489755477,0.06678972448151207,0.0017553885464045497,262.46703207354136,9.039421546514754,1311.0567367848562,12.696854202757045,1.4840339394721254,22.219494854824827,1.0815291757657928,2800.0,52.91118473706262,1.22,20.544517293388765
0.29500000000000015,0.003701536822236402,3.701536822236402,0.047403073644472805,0.1425969263555272,0.06682800231905889,0.001764830035506559,262.61745446999674,9.047778788094316,1312.268851721353,12.701313614970585,1.48540597750361,22.227298826198524,1.0802187324220203,2800.0,52.945029455871634,1.22,20.576664854127667
0.30000000000000016,0.0037650433903112547,3.765043390311255,0.04753008678062251,0.1424699132193775,0.06686598956661588,0.0017743001768323237,262.7667349199511,9.056075485923593,1313.4721855327223,12.705738195703276,1.486768075852584,22.235041842480733,1.0789114571213567,2800.0,52.97906584728168,1.22,20.608773496396118
0.30500000000000016,0.003828572081289771,3.8285720812897712,0.047657144162579546,0.14234285583742046,0.06690368580096594,0.0017837989709982704,262.9148717602662,9.06431148056922,1314.6667150951184,12.710127918780499,1.4881202083443075,22.242723857865872,1.0776054915237105,2800.0,53.01338522105627,1.22,20.640878348174667
0.31000000000000016,0.0038921227208836735,3.8921227208836737,0.04778424544176735,0.14221575455823265,0.06694109060204073,0.001793326418332383,263.06186334017787,9.072486613696082,1315.8524174439838,12.714482758230098,1.48946234898434,22.250344826902673,1.0762989911281293,2800.0,53.04807888737033,1.22,20.673014664429665
0.31500000000000017,0.003955695134674824,3.9556951346748237,0.04791139026934965,0.14208860973065035,0.06697820355292736,0.0018028825188738567,263.2077080213219,9.080600728071845,1317.0292697747047,12.718802688282574,1.4907944719592925,22.257904704494507,1.0749901879593051,2800.0,53.08323506441791,1.22,20.705216618532614
0.3200000000000002,0.004019289148116237,4.019289148116237,0.048038578296232474,0.14196142170376752,0.06701502423987495,0.0018124672723727462,263.3524041777601,9.088653667571531,1318.1972494432773,12.723087683371329,1.492116551637572,22.265403445899825,1.0736774156401159,2800.0,53.118937614782624,1.22,20.737516801194346
0.3250000000000002,0.004082904586533094,4.082904586533094,0.04816580917306619,0.1418341908269338,0.06705155225230114,0.0018220806782896317,263.4959501960058,9.096645277181988,1319.356333966953,12.72733771813285,1.493428562570119,22.272841006732488,1.0723591443176204,2800.0,53.15526428117431,1.22,20.769945521288463
0.3300000000000002,0.004146541275123758,4.1465412751237585,0.048293082550247515,0.14170691744975247,0.06708778718279859,0.0018317227357952735,263.6383444750493,9.104575403006358,1320.5065010248882,12.731552767406916,1.4947304794911398,22.280217342962104,1.071034019167166,2800.0,53.1922847255701,1.22,20.802530026345156
0.3350000000000002,0.0042101990389607925,4.210199038960792,0.04842039807792159,0.1415796019220784,0.06712372862714139,0.0018413934437702861,263.7795854263831,9.11244389226854,1321.6477284587918,12.735732806236827,1.4960222773188396,22.287532410914448,1.0697005158118649,2800.0,53.23007760884045,1.22,20.83530117212199
0.3400000000000002,0.004273877702991977,4.273877702991977,0.04854775540598395,0.14145224459401604,0.06715937618429138,0.0018510928008048024,263.9196714740268,9.120250593317563,1322.7799942735587,12.739877809869576,1.4973039311561398,22.29478616727176,1.0673398296000163,2800.0,53.319492591614676,1.22,20.888179705264715
0.3450000000000002,0.004337577092041325,4.337577092041324,0.04867515418408265,0.14132484581591734,0.06719472945640459,0.0018608208051981556,264.0586010545525,9.127995355632002,1323.9032766379107,12.743987753756082,1.4985754162914031,22.301978569073142,1.0681843528184403,2800.0,53.24930647670122,1.22,20.87839848077593
0.3500000000000002,0.004401297030810105,4.401297030810104,0.048802594061620214,0.1411974059383798,0.06722978804883745,0.001870577454958554,264.1963726171089,9.135678029824295,1325.017553885022,12.748062613551369,1.4998367081991428,22.309109573714895,1.0694119453260482,2800.0,53.16044461589364,1.22,20.861100038407717
0.3550000000000002,0.004465037343877862,4.465037343877862,0.048930074687755724,0.14106992531224427,0.06726455157015299,0.0018803627478027661,264.3329846234459,9.143298467645064,1326.1228045131468,12.752102365114778,1.5010877825407325,22.31617913895086,1.0706792322486798,2800.0,53.070080627624364,1.22,20.843011115552883
0.3600000000000002,0.004528797855703435,4.528797855703435,0.04905759571140687,0.14094240428859311,0.06729901963212712,0.0018901766811558114,264.46843554793924,9.150856521987416,1327.2190071862422,12.756106984510167,1.5023286151651112,22.323187222892795,1.071995777751808,2800.0,52.97775675475051,1.22,20.82395069662404
0.3650000000000002,0.004592578390625986,4.592578390625986,0.049185156781251974,0.14081484321874801,0.06733319184975463,0.001900019252150649,264.6027238776141,9.15835204689117,1328.3061407345826,12.760076448006092,1.5035591821094774,22.330133784010663,1.073367192533418,2800.0,52.88321603285376,1.22,20.803816195747423
0.3700000000000002,0.004656378772866017,4.656378772866017,0.049312757545732035,0.14068724245426795,0.06736706784125543,0.0019098904576278785,264.73584811216944,9.165784897547102,1329.3841841553733,12.764010732076017,1.5047794595999855,22.33701878113303,1.0747991644967698,2800.0,52.78620162833712,1.22,20.782504786921205
0.3750000000000002,0.004720198826526397,4.7201988265263966,0.049440397653052796,0.1405596023469472,0.0674006472280804,0.0019197902941354376,264.8678067640012,9.1731549303011,1330.4531166133556,12.767909813398497,1.5059894240524312,22.34384217344737,1.0762969603637793,2800.0,52.686481530054536,1.22,20.759923140445682
0.3800000000000002,0.00478403837559339,4.78403837559339,0.04956807675118678,0.1404319232488132,0.06743392963491752,0.0019297187579283088,264.9985983582265,9.180462002658363,1331.512917441414,12.771773668857378,1.5071890520729365,22.35060392050041,1.0778654090743962,2800.0,52.583849266226466,1.22,20.735987751656044
0.38500000000000023,0.004847897243937677,4.847897243937677,0.04969579448787535,0.14030420551212464,0.06746691468969776,0.0019396758449682307,265.1282214327063,9.1877059732875,1332.563566141171,12.775602275541985,1.5083783204586245,22.357303982198474,1.0795116316032571,2800.0,52.47799107609014,1.22,20.71057256603535
0.39000000000000024,0.004911775255315387,4.911775255315387,0.049823550510630775,0.14017644948936922,0.06749960202360089,0.0019496615509234118,265.25667453806875,9.194886702024611,1333.6050423835798,12.779395610747297,1.5095572061982905,22.36394231880777,1.0812380983598473,2800.0,52.368824456803026,1.22,20.68364253232669
0.39500000000000024,0.004975672233369124,4.975672233369124,0.04995134446673825,0.14004865553326173,0.06753199127106142,0.0019596758711682466,265.3839562377322,9.202004049877381,1334.6373260095174,12.783153651974155,1.5107256864730723,22.370518890954774,1.0830467824367187,2800.0,52.25629387114757,1.22,20.65517321479311
0.40000000000000024,0.005039588001628995,5.039588001628995,0.050079176003257994,0.139920823996742,0.06756408206977435,0.0019697188007830424,265.510065107928,9.209057879029084,1335.6603970303656,12.786876376929433,1.5118837386571085,22.37703365962651,1.0849369422267565,2800.0,52.1404769485878,1.22,20.625192846414855
0.40500000000000025,0.005103522383513642,5.103522383513642,0.05020704476702728,0.13979295523297272,0.0675958740607008,0.0019797903345537414,265.6349997377225,9.216048052842567,1336.6742356285883,12.790563763526215,1.5130313403181923,22.38348658617088,1.086904567268006,2800.0,52.021608415291276,1.22,20.593792003683443
0.41000000000000025,0.005167475202331273,5.167475202331273,0.05033495040466254,0.13966504959533746,0.06762736688807389,0.001989890466971661,265.7587587290402,9.222974435864248,1337.6788221583129,12.794215789884003,1.5141684692184287,22.389877632297004,1.0889425361632148,2800.0,51.90006918416218,1.22,20.56111951617356
0.41500000000000026,0.005231446281280693,5.231446281280693,0.05046289256256139,0.1395371074374386,0.06765856019940415,0.0020000191922332202,265.881340696685,9.229836893828008,1338.6741371458916,12.79783243432886,1.515295103314871,22.396206760075508,1.8063018942214906,2800.0,31.273917672490356,1.22,12.398927793699839
0.42000000000000026,0.005295435443452338,5.295435443452337,0.05059087088690468,0.13940912911309533,0.0676894536454853,0.0020101765042396863,266.002744268363,9.23663529365911,1339.6601612904742,12.801413675393627,1.5164112207601674,22.402473931938847,1.8071728148910857,2800.0,31.24457948074297,1.22,12.396420390647032
0.42500000000000027,0.005359442511829305,5.359442511829306,0.05071888502365861,0.13928111497634138,0.0677200468803996,0.002020362396596917,266.12296808470336,9.243369503478037,1340.636875464561,12.804959491818066,1.5175167999031902,22.408679110681614,1.8081610761618891,2800.0,31.21339521981141,1.22,12.39307681495258
0.43000000000000027,0.005423467309288396,5.423467309288395,0.05084693461857679,0.1391530653814232,0.06775033956152349,0.002030576862615114,266.2420107992804,9.250039392604352,1341.6042607145646,12.80846986254905,1.5186118192896667,22.414822259460834,2.287322579116723,2800.0,24.66360090397884,1.22,9.799589469412131
0.4350000000000003,0.005487509658601141,5.487509658601141,0.05097501931720228,0.1390249806827977,0.06778033134953287,0.0020408198953085696,266.35987107863497,9.256644831560466,1342.5622982613559,12.81194476674074,1.519696257662802,22.420903341796297,1.7290694739131502,2800.0,32.6121361213312,1.22,12.967034396283882
0.4400000000000003,0.005551569382434845,5.551569382434845,0.05110313876486969,0.13889686123513031,0.06781002190840862,0.0020510914873954314,266.4765476022951,9.263185692075417,1343.5109695008118,12.815384183754755,1.520770093963896,22.42692232157082,1.710356550810131,2800.0,32.95450840297277,1.22,13.112425190494953
0.4450000000000003,0.005615646303353619,5.6156463033536195,0.05123129260670724,0.13876870739329275,0.0678394109054418,0.0020613916312974623,266.59203906279737,9.26966184708858,1344.4502560043538,12.818788093160336,1.5218333073329553,22.432879163030588,1.6861087782355888,2800.0,33.41394243638558,1.22,13.304526642999416
0.4500000000000003,0.005679740243819421,5.679740243819421,0.051359480487638845,0.13864051951236114,0.06786849801123895,0.002071720319139808,266.7063441657074,9.276073170753374,1345.3801395194864,12.822156474734511,1.5228858771092992,22.438773830785394,1.659129027520189,2800.0,33.942746285483324,1.22,13.524429660737974
0.4550000000000003,0.005743851026193094,5.743851026193094,0.05148770205238619,0.1385122979476138,0.06789728289972742,0.002082077542750767,266.81946162964044,9.282419538440918,1346.3006019703248,12.825489308462277,1.523927782832162,22.444606289808984,1.63567112955022,2800.0,34.4149382131711,1.22,13.721955400643923
0.4600000000000003,0.005807978472735406,5.807978472735406,0.05161595694547081,0.13838404305452917,0.0679257652481604,0.00209246329366157,266.93139018628176,9.288700826743646,1347.2116254581226,12.828786574536746,1.5249590042412857,22.450376505439305,1.6199874818628692,2800.0,34.73355045324736,1.22,13.85836418910039
0.4650000000000003,0.005872122405608089,5.872122405608089,0.05174424481121618,0.1382557551887838,0.06795394473712207,0.0021028775631061576,267.04212858040654,9.294916913478916,1348.1131922617924,12.832048253359327,1.5259795212775111,22.45608444337882,1.6046456873943187,2800.0,35.05109190739366,1.22,13.994419216521136
0.4700000000000003,0.0059362826468748854,5.9362826468748855,0.05187256529374977,0.13812743470625022,0.06798182105053278,0.002113320342020966,267.15167556990025,9.30106767769255,1349.005284838421,12.835274325539876,1.526989314083362,22.46173006969478,1.590112589724479,2800.0,35.3569429204666,1.22,14.125873988323528
0.4750000000000003,0.0060004590185025845,6.000459018502585,0.05200091803700517,0.13799908196299482,0.06800939387565388,0.0021237916210447177,267.26002992577753,9.30715299966235,1349.8878858237777,12.838464771896849,1.5279883630036195,22.467313350819488,1.5769229213213487,2800.0,35.63822023637053,1.22,14.247565969802432
0.4800000000000003,0.006064651342362069,6.064651342362069,0.05212930268472414,0.13787069731527585,0.06803666290309282,0.0021342913905182132,267.3671904322026,9.313172760901605,1350.7609780328255,12.841619573457486,1.5289766485858995,22.472834253550598,1.5656590813841145,2800.0,35.8802261869341,1.22,14.353593653149307
0.4850000000000003,0.006128859440229357,6.128859440229357,0.052257718880458714,0.1377422811195413,0.06806362782680805,0.0021448196404841315,267.47315588650815,9.319126844162529,1351.6245444602175,12.844738711457936,1.5299541515812172,22.478292745051387,1.5569354692328725,2800.0,36.06697106363544,1.22,14.437523705543692
0.4900000000000003,0.006193083133786646,6.193083133786646,0.052386166267573295,0.1376138337324267,0.06809028834411379,0.002155376360686832,267.5779250992142,9.325015133439672,1352.478568280792,12.847822167343434,1.530920852944545,22.48368879285101,1.5514093356533112,2800.0,36.18126972869877,1.22,14.492428449505844
0.49500000000000033,0.006257322244623363,6.257322244623364,0.052514644489246726,0.13748535551075328,0.06811664415568494,0.0021659615405721622,267.6814968940475,9.330837513973314,1353.323032850065,12.850869922768448,1.5318767338353723,22.489022364844782,1.5498446989212975,2800.0,36.20378286647477,1.22,14.510500555634572
0.5000000000000003,0.006321576594237205,6.3215765942372055,0.052643153188474415,0.13735684681152557,0.06814269496556175,0.0021765751692872704,267.7838701079596,9.336593872252791,1354.1579217047138,12.853881959596817,1.5328217756182503,22.49429342929443,1.5532360568307564,2800.0,36.11092459641496,1.22,14.482211722017379
0.5050000000000003,0.006385846004035189,6.385846004035189,0.05277169200807038,0.13722830799192962,0.0681684404811546,0.00218721723568042,267.8850435911461,9.342284096019833,1354.9832185630582,12.856858259901934,1.5337559598633403,22.499501954828386,1.562933185197099,2800.0,35.87332288161915,1.22,14.395690211153209
0.5100000000000003,0.0064501302953346995,6.4501302953346995,0.0529002605906694,0.1370997394093306,0.06819388041324856,0.0021978877283008146,267.985016207064,9.347908074271805,1355.7989073255349,12.859798805966854,1.5346792683469455,22.504647910441996,1.5757376454173355,2800.0,35.56854198965498,1.22,14.281976429192703
0.5150000000000003,0.006514429289364534,6.514429289364534,0.05302885857872907,0.13697114142127093,0.06821901447600809,0.002208586635398419,268.0837868324507,9.353465697264978,1356.604972075167,12.86270358028447,1.5355916830520477,22.509731265497823,1.5854026323158954,2800.0,35.33868310399481,1.22,14.198116495250465
0.5200000000000004,0.006578742807265956,6.5787428072659555,0.053157485614531916,0.13684251438546807,0.06824384238698147,0.0022193139449237925,268.18135435734104,9.358956856517702,1357.4013970780277,12.86557256555764,1.5364931861688298,22.51475198972587,1.5930958498073022,2800.0,35.15523456478919,1.22,14.132703937712982
0.5250000000000004,0.0066430706700937436,6.643070670093744,0.053286141340187484,0.1367138586598125,0.06826836386710541,0.0022300696445279222,268.27771768508563,9.3643814448136,1358.1881667837024,12.868405744699343,1.5373837600951978,22.51971005322385,1.5992886918778233,2800.0,35.00652618848629,1.22,14.081078774328152
0.5300000000000004,0.0067074126988172405,6.70741269881724,0.05341482539763448,0.13658517460236552,0.06829257864070937,0.002240853721562064,268.3728757323676,9.369739356204676,1358.9652658257394,12.871203100832817,1.538263387437293,22.52460542645743,1.6043391202854602,2800.0,34.883952993151276,1.22,14.039803144892225
0.5350000000000004,0.006771768714321404,6.7717687143214045,0.05354353742864281,0.13645646257135718,0.06831648643551999,0.002251666163077584,268.46682742922036,9.375030486014408,1359.7326790220989,12.873964617291678,1.5391320510099995,22.529438080260437,1.6085248319127403,2800.0,34.781001693609234,1.22,14.006273097736436
0.5400000000000004,0.006836138537407862,6.836138537407862,0.05367227707481573,0.13632772292518427,0.0683400869826655,0.0022625069558258075,268.5595717190446,9.380254730840843,1360.4903913756016,12.8766902776201,1.5399897338374513,22.534207985835174,1.6111759428929218,2800.0,34.71177976368186,1.22,13.986186974325243
0.5450000000000004,0.006900521988795963,6.900521988795964,0.05380104397759193,0.13619895602240806,0.06836338001667985,0.002273376086257874,268.65110755862463,9.385411988559568,1361.2383880743591,12.879380065572905,1.5408364191535202,22.538915114752584,1.6128103140207573,2800.0,34.664788794382645,1.22,13.974932401419712
0.5500000000000004,0.006964918889123828,6.964918889123828,0.053929837778247655,0.13607016222175233,0.06838636527550705,0.0022842735405245907,268.7414339181455,9.390502158326724,1361.976654492212,12.882033965115733,1.541672090402313,22.54355943895253,1.6143628390663565,2800.0,34.61981189672452,1.22,13.964369653101205
0.5550000000000004,0.007029329058949407,7.029329058949407,0.05405865811789881,0.1359413418821012,0.06840904250050532,0.0022951993044763004,268.83054978120924,9.395525140581963,1362.7051761891587,12.884651960425158,1.5424967312386517,22.548140930744026,1.6158477513413767,2800.0,34.576531666842484,1.22,13.954372193807218
0.5600000000000004,0.007093752318751533,7.093752318751533,0.05418750463750307,0.13581249536249693,0.06843141143645115,0.002306153363662744,268.91845414485084,9.400480837051328,1363.4239389117718,12.88723403588882,1.5433103255285534,22.552659562805434,1.617277474569624,2800.0,34.534672521666174,1.22,13.944830072407308
0.5650000000000004,0.0071581884889309775,7.1581884889309775,0.05431637697786196,0.13568362302213804,0.06845347183154342,0.0023171357033329315,269.00514601955445,9.405369150750145,1364.1329285936197,12.889780176105555,1.5441128573496996,22.557115308184724,1.6186628659090614,2800.0,34.493994858987506,1.22,13.935647615858763
0.5700000000000004,0.007222637389811506,7.2226373898115055,0.054445274779623014,0.13555472522037698,0.06847522343740739,0.0023281463084350194,269.0906244292689,9.410189985985872,1364.8321313556776,12.892290365885522,1.5449043109919052,22.561508140299665,1.6200134109436088,2800.0,34.45429038605285,1.22,13.926741586144196
0.5750000000000004,0.007287098841640933,7.287098841640933,0.054574197683281866,0.13542580231671814,0.06849666600909869,0.0023391851636161923,269.1748884114238,9.414943248360883,1365.521533506733,12.89476459025034,1.5456846709575773,22.565838032938093,1.6213374090086714,2800.0,34.415377764228936,1.22,13.918039457768044
0.5800000000000004,0.007351572664592185,7.351572664592185,0.05470314532918437,0.13529685467081562,0.06851779930510714,0.0023502522532225464,269.257937016944,9.419628844775229,1366.2011215437853,12.897202834433187,1.5464539219621662,22.570104960258078,1.6226420973683462,2800.0,34.3770996400949,1.22,13.909478249617097
0.5850000000000004,0.007416058678764351,7.416058678764351,0.0548321173575287,0.1351678826424713,0.06853862308736068,0.00236134756129898,269.3397693102655,9.424246683429379,1366.870882152443,12.899605083878951,1.5472120489346168,22.574308896788164,1.6239337999534469,2800.0,34.33931922018535,1.22,13.901003167392227
0.5900000000000004,0.007480556704183745,7.480556704183745,0.05496111340836749,0.1350388865916325,0.06855913712122914,0.0023724710715890872,269.42038436935,9.428796673826906,1367.5308022073145,12.901971324244338,1.5479590370178093,22.57844981742759,1.625218032906397,2800.0,34.30191781686397,1.22,13.892566634305846
0.5950000000000004,0.007545066560804967,7.545066560804967,0.05509013312160994,0.13490986687839007,0.068579341175528,0.0023836227675350565,269.4997812856996,9.433278726777115,1368.1808687723885,12.904301541397976,1.5486948715689912,22.582527697446455,1.6264995950122672,2800.0,34.264792754601444,1.22,13.884127464093305
0.6000000000000004,0.007609588068511957,7.609588068511957,0.055219176137023915,0.13478082386297607,0.06859923502252196,0.0023948026322775768,269.5779591643713,9.437692754397688,1368.8210691014174,12.90659572142056,1.5494195381602096,22.58654251248598,1.6277828688267568,2800.0,34.227850879168386,1.22,13.87564824832288
0.6050000000000004,0.007674121047119059,7.674121047119059,0.05534824209423812,0.13465175790576187,0.06861881843792879,0.002406010648655744,269.6549171239915,9.442038670117247,1369.4513906382888,12.908853850604956,1.550133022578734,22.590494238558673,1.6290710052310962,2800.0,34.19102558064361,1.22,13.867102272410795
0.6100000000000004,0.007738665316372084,7.738665316372084,0.05547733063274417,0.13452266936725582,0.06863809120092268,0.002417246799206972,269.73065429676967,9.446316388677884,1370.0718210173934,12.911075915456301,1.5508353108274704,22.59438285204853,1.6303673675982533,2800.0,34.15424629375916,1.22,13.858461167149734
0.6150000000000004,0.007803220695949366,7.803220695949366,0.055606441391898735,0.13439355860810126,0.06865705309413792,0.002428511066166916,269.80516982851253,9.450525826137666,1370.6823480639885,12.913261902692136,1.5515263891253743,22.59820832971124,1.6316746384508207,2800.0,34.11745721803055,1.22,13.84970250635685
0.6200000000000004,0.007867787005462827,7.867787005462827,0.05573557401092566,0.13426442598907434,0.0686757039036723,0.0024398034314693884,269.87846287863755,9.454666899873109,1371.2829597945554,12.915411799242511,1.5522062439078546,22.601970648674392,1.632995107669885,2800.0,34.08061117028695,1.22,13.840807325457984
0.6250000000000004,0.00793236406445904,7.93236406445904,0.05586472812891808,0.13413527187108193,0.06869404341909052,0.002451123876746288,269.9505326201862,9.458739528581582,1371.8736444171489,12.917525592250076,1.5528748618271695,22.605669786437634,1.6343307147561181,2800.0,34.043668629527204,1.22,13.83175974258732
0.6300000000000004,0.00799695169242029,7.99695169242029,0.05599390338484058,0.13400609661515941,0.06871207143342761,0.0024624723833275345,270.02137823983753,9.462743632283699,1372.4543903317444,12.919603269070207,1.5535322297528198,22.60930572087286,1.63568309702472,2800.0,34.00659666877356,1.22,13.822546532392984
0.6350000000000005,0.008061549708765641,8.061549708765641,0.05612309941753128,0.1338769005824687,0.06872978774319216,0.002473848932241001,270.09099893792086,9.466679132325687,1373.0251861305812,12.921644817271117,1.5541783347719351,22.612878430224455,1.6370536067136197,2800.0,33.969368543346796,1.22,13.813156965348094
0.6400000000000005,0.008126157932851997,8.126157932851998,0.05625231586570399,0.133747684134296,0.0687471921483696,0.0024852535042124545,270.15939392842864,9.470545951381657,1373.5860205984918,12.923650224633933,1.5548131641896508,22.616387893109383,1.6384433461278567,2800.0,33.93196290923814,1.22,13.803582495884788
0.6450000000000005,0.008190776183975167,8.190776183975167,0.05638155236795034,0.13361844763204966,0.06876428445242544,0.0024966860796655057,270.226562439029,9.474344013455918,1374.136882713237,12.925619479152827,1.5554367055294833,22.619834088517447,1.6493800236047302,2800.0,33.69858917122721,1.22,13.71414335374431
0.6500000000000005,0.008255404281370931,8.25540428137093,0.05651080856274186,0.13348919143725813,0.06878106446230832,0.0025081466387215532,270.2925037110782,9.478073243885165,1374.6777616458244,12.927552569035086,1.556048946533693,22.6232169958114,1.7709782143110722,2800.0,31.377133538999892,1.22,12.77441857443292
0.6550000000000005,0.008320042044216106,8.320042044216105,0.05664008408843221,0.1333599159115678,0.06879753198845316,0.0025196351611997455,270.35721699963244,9.481733569340705,1375.2086467608306,12.929449482701234,1.5566498751636477,22.62653659472716,1.4318849347779838,2800.0,38.7984520588121,1.22,15.801923775554942
0.6600000000000005,0.008384689291629612,8.384689291629611,0.05676937858325923,0.13323062141674077,0.0688136868447842,0.002531151626616934,270.4207015734602,9.485324917830596,1375.7295276167113,12.931310208785124,1.5572394796001758,22.629792865373968,1.7528302575063155,2800.0,31.686968295863515,1.22,12.910430298920392
0.6650000000000005,0.008449345842673537,8.449345842673537,0.05689869168534707,0.13310130831465292,0.0688295288487179,0.0025426960141876403,270.4829567150535,9.488847218701771,1376.240393966109,12.933134736134022,1.5578177482439115,22.63298578823454,1.4447218041920964,2800.0,38.435837928863954,1.22,15.665982006059043
0.6700000000000005,0.008514011516354208,8.514011516354207,0.057028023032708416,0.13297197696729157,0.06884505782116598,0.0025542683028240277,270.5439817206399,9.492300402642117,1376.7412357561566,12.93492305380871,1.5583846697156387,22.636115344165244,1.6773812592118376,2800.0,33.09716705386958,1.22,13.494913705427606
0.6750000000000005,0.00857868613162325,8.57868613162325,0.057157372263246506,0.13284262773675348,0.06886027358653816,0.0025658684711358684,270.6037759001932,9.495684401682496,1377.2320431287667,12.936675151083572,1.558940232856623,22.63918151439625,1.4488911157499142,2800.0,38.30812397361292,1.22,15.62517795043467
0.6800000000000005,0.008643369507378668,8.643369507378669,0.05728673901475734,0.13271326098524266,0.06887517597274503,0.0025774964974305268,270.6623385774448,9.498999149198763,1377.7128064209287,12.938391017446685,1.5594844267289423,22.642184280531698,1.2337936230481013,2800.0,44.97696380786437,1.22,18.351678803942853
0.6850000000000005,0.008708061462465902,8.708061462465903,0.057416122924931805,0.1325838770750682,0.06888976481120083,0.002589152359712943,270.7196690898944,9.50224457991372,1378.183516164989,12.940070642599908,1.5600172406158062,22.64512362454984,1.4425691435258685,2800.0,38.459535706864294,1.22,15.6977734663044
0.6900000000000005,0.008772761815678902,8.772761815678901,0.0575455236313578,0.1324544763686422,0.06890403993682612,0.002600836035685616,270.7757667888209,9.505420629899033,1378.6441630889303,12.941714016458965,1.560538664021874,22.647999528803187,1.2306022888840749,2800.0,45.07471330158331,1.22,18.403995940346146
0.6950000000000005,0.008837470385761196,8.837470385761195,0.057674940771522396,0.1323250592284776,0.06891800118805036,0.002612547502748602,270.83063103929214,9.508527236577121,1379.0947381166452,12.943321129153533,1.5610486866735611,22.650811976018684,1.1751489228484586,2800.0,47.19215368280107,1.22,19.274843839464268
0.7000000000000005,0.008902186991406963,8.902186991406962,0.05780437398281393,0.13219562601718607,0.06893164840681465,0.0026242867379995057,270.8842612201759,9.511564338722987,1379.5352323682023,12.944891971027321,1.5615472985193433,22.653560949297812,1.1732613660092366,2800.0,47.25871875718259,1.22,19.308196456133434
0.7050000000000005,0.0089669114512621,8.9669114512621,0.057933822902524204,0.13206617709747578,0.0689449814385741,0.0026360537182334868,270.9366567241492,9.514531876466032,1379.9656371601088,12.946426532638151,1.5620344897300509,22.656246432116763,1.171424743409632,2800.0,47.323659984218835,1.22,19.34076137590528
0.7100000000000005,0.00903164358392529,9.031643583925291,0.058063287167850586,0.13193671283214942,0.06895800013230044,0.002647848419943265,270.9878169577084,9.517429791291825,1380.3859440055674,12.94792480475804,1.562510250699162,22.658868408326573,1.16963829964244,2800.0,47.38699168616108,1.22,19.37254313171296
0.7150000000000005,0.009096383207949081,9.096383207949081,0.05819276641589816,0.13180723358410185,0.06897070434048434,0.0026596708193191293,271.0377413411784,9.520258026043795,1380.7961446147212,12.949386778373272,1.56297457204308,22.661426862153228,1.1679013427580043,2800.0,47.44872628050982,1.22,19.403545515786604
0.7200000000000005,0.009161130141840947,9.161130141840946,0.0583222602836819,0.1316777397163181,0.06898309391913783,0.0026715208922489576,271.0864293087223,9.523016524924952,1381.1962308949046,12.950812444684473,1.563427444601414,22.663921778197828,1.166213246068848,2800.0,47.50887415984607,1.22,19.43377152900204
0.7250000000000005,0.00922588420406437,9.22588420406437,0.05845176840812874,0.13154823159187126,0.0689951687277966,0.0026833986143182356,271.1338803083503,9.525705233499513,1381.5861949508778,12.9522017951067,1.5638688594372492,22.666353141436723,1.1645734314863119,2800.0,47.567444327086484,1.22,19.46322363932715
0.7300000000000005,0.009290645213039904,9.290645213039904,0.058581290426079805,0.13141870957392018,0.06900692862952226,0.0026953039608100817,271.1800938019284,9.528324098694515,1381.9660290850609,12.953554821269485,1.5642988078374078,22.6687209372216,1.162981375442246,2800.0,47.6244441187005,1.22,19.491903667504033
0.7350000000000005,0.00935541298714625,9.35541298714625,0.0587108259742925,0.1312891740257075,0.06901837349090452,0.0027072369067052786,271.22506926518736,9.530873068801368,1382.3357257977605,12.954871515016933,1.564717281312708,22.671025151279633,1.1614321511596832,2800.0,47.68006217070662,1.22,19.519887690936354
0.7400000000000005,0.009420187344721335,9.420187344721334,0.05884037468944267,0.13115962531055733,0.06902950318206336,0.0027191974266823063,271.26880618773095,9.533352093477397,1382.6952777873917,12.956151868407773,1.5651242715982132,22.673265769713602,1.1599342291766817,2800.0,47.73393807247885,1.22,19.54702706360086
0.7450000000000006,0.009484968104063374,9.484968104063373,0.05896993620812675,0.13103006379187324,0.06904031757665102,0.0027311854951173847,271.31130407304386,9.535761123747308,1383.0446779506913,12.95739587371542,1.5655197706534754,22.675442779001983,1.158482743511899,2800.0,47.78625849986761,1.22,19.573397105823254
0.7500000000000006,0.00954975508343195,9.54975508343195,0.059099510166863906,0.1309004898331361,0.06905081655185424,0.002743201086084514,271.35256243850046,9.53810011200466,1383.3839193829313,12.958603523428065,1.5659037706627759,22.677556165999114,1.1570779093992538,2800.0,47.8370022800592,1.22,19.598988090415737
0.7550000000000006,0.009614548101049092,9.614548101049092,0.05922909620209818,0.13077090379790182,0.06906099998839602,0.002755244173355527,271.3925808153717,9.540369012013239,1383.7129953781186,12.959774810248714,1.5662762640353525,22.67960591793525,1.1557182091030869,2800.0,47.88622028673158,1.22,19.623819837134963
0.7600000000000006,0.009679346975100336,9.679346975100335,0.05935869395020067,0.13064130604979932,0.06907086777053761,0.0027673147304001448,271.43135874883313,9.542567778908454,1384.0318994291974,12.96090972709526,1.566637243405625,22.681592022416705,1.1544039120019294,2800.0,47.93389005595429,1.22,19.647882155114175
0.7650000000000006,0.009744151523735811,9.74415152373581,0.05948830304747162,0.13051169695252837,0.06908041978608045,0.002779412730386028,271.46889579797227,9.544696369198649,1384.3406252282382,12.962008267100538,1.5669867016334131,22.683514467425944,1.1531341685483676,2800.0,47.980035900389296,1.22,19.67118405309355
0.7700000000000006,0.009808961565071314,9.808961565071314,0.05961792313014263,0.13038207686985737,0.06908965592636786,0.0027915381461788473,271.50519153579523,9.546754740766373,1384.6391666666239,12.963070423612386,1.567324631804147,22.685373241321678,1.151909805155536,2800.0,48.02461286441156,1.22,19.69370617368657
0.7750000000000006,0.009873776917189376,9.873776917189376,0.059747553834378755,0.13025244616562123,0.06909857608628683,0.0028036909503423484,271.54024554923416,9.548742852869653,1384.9275178352332,12.964096190193697,1.567651027229071,22.68716833283897,1.1507300095827715,2800.0,48.067644490954365,1.22,19.715457269655133
0.7800000000000006,0.009938597398140344,9.938597398140343,0.05987719479628069,0.1301228052037193,0.06910718016426978,0.002815871115138425,271.5740574391535,9.550660666143175,1385.2056730246122,12.965085560622473,1.5679658814454425,22.68889973108933,1.1495980096464269,2800.0,48.108985837308566,1.22,19.736377012402432
0.7850000000000006,0.010003422825943456,10.003422825943456,0.06000684565188691,0.1299931543481131,0.0691154680622961,0.002828078612527197,271.6066268203567,9.552508142599482,1385.473626725148,12.966038528891897,1.568269188216725,22.69056742556082,1.148506600046995,2800.0,48.14892871384333,1.22,19.756584267458592
0.7900000000000006,0.010068253018587915,10.068253018587916,0.06013650603717583,0.12986349396282415,0.06912343968589374,0.002840313414167093,271.6379533215921,9.554285245630043,1385.7313736272245,12.966955089210334,1.568560941532766,22.692171406118085,1.147459043990611,2800.0,48.18732775981425,1.22,19.77601860821079
0.7950000000000006,0.010133087794033966,10.133087794033965,0.06026617558806793,0.12973382441193207,0.06913109494414088,0.002852575491414935,271.66803658555943,9.555991940006408,1385.9789086213889,12.967835236001457,1.5688411356099865,22.69371166300255,1.1464551226272355,2800.0,48.22418345271931,1.22,19.7946794559191
0.8000000000000006,0.010197926970213973,10.197926970213972,0.06039585394042794,0.12960414605957205,0.06913843374966715,0.002864864815326034,271.6968762689149,9.557628191881172,1386.2162267984922,12.968678963904201,1.569109764891537,22.695188186832354,1.1454946252234008,2800.0,48.25949631494529,1.22,19.812566281056284
0.8050000000000006,0.010262770365033494,10.262770365033495,0.06052554073006699,0.129474459269933,0.06914545601865527,0.0028771813566542837,271.72447204227734,9.559193968789055,1386.4433234498451,12.969486267772902,1.569366824047478,22.696600968602578,1.144577348225107,2800.0,48.293266949154514,1.22,19.82967861787422
0.8100000000000006,0.010327617796372358,10.327617796372358,0.060655235592744716,0.12934476440725529,0.06915216167084227,0.0028895250858522615,271.7508235902333,9.560689239647807,1386.6601940673509,12.970257142677262,1.5696123079749258,22.697949999685207,1.1437030874479657,2800.0,48.32549636453144,1.22,19.846016198428668
0.8150000000000006,0.010392469082085744,10.392469082085745,0.06078493816417149,0.1292150618358285,0.06915855062952087,0.0029018959730713377,271.7759306113422,9.562113974759166,1386.8668343436414,12.97099158390244,1.5698462117982106,22.699235271829274,1.1428716552404659,2800.0,48.35618524917272,1.22,19.86157865386314
0.8200000000000006,0.010457324040005257,10.457324040005256,0.060914648080010514,0.1290853519199895,0.06916462282154064,0.0029142939881617817,271.79979281814093,9.563468145809713,1387.0632401722053,12.971689586949076,1.5700685308690183,22.700456777160884,1.1420828591932368,2800.0,48.38533486573299,1.22,19.876365882241156
0.8250000000000006,0.010522182487940002,10.522182487940002,0.061044364975880006,0.12895563502412,0.06917037817730926,0.0029267191006728823,271.822409937149,9.564751725871732,1387.249407647508,12.972351147533326,1.5702792607665306,22.70161450818332,1.1428983281334104,2800.0,48.34678841098135,1.22,19.863196882315645
0.8300000000000006,0.010587044243677669,10.587044243677669,0.06117408848735534,0.12882591151264466,0.06917581663079361,0.002939171279853064,271.8437817088727,9.565964689404003,1387.4253330651109,12.9729762615869,1.5704783972975542,22.702708457777074,1.143893230239131,2800.0,48.30094113645539,1.22,19.84687718890606
0.8350000000000006,0.010651909124985603,10.651909124985602,0.061303818249971206,0.12869618175002878,0.06918093811952086,0.0029516504946500146,271.8639078878093,9.56710701225256,1387.5910129217782,12.973564925257104,1.5706659364966467,22.703738619199935,1.1448333928096064,2800.0,48.25770253358186,1.22,19.83147832845903
0.8400000000000006,0.010716776949611888,10.716776949611889,0.06143355389922378,0.12856644610077622,0.06918574258457949,0.0029641567137108143,271.8827882424511,9.56817867165141,1387.7464439155838,12.974117134906862,1.570841874626234,22.70470498608701,1.1457181454249508,2800.0,48.21708814006827,1.22,19.81700741735722
0.8450000000000006,0.010781647535286423,10.781647535286423,0.06156329507057284,0.12843670492942716,0.06919022997062022,0.0029766899053820677,271.9004225552892,9.56917964622322,1387.8916229460083,12.974632887114764,1.5710062081767244,22.705607552450836,1.1465468930489842,2800.0,48.17911094295296,1.22,19.80347048176143
0.8500000000000006,0.010846520699721997,10.846520699721998,0.061693041399443996,0.128306958600556,0.06919440022585696,0.0029892500377100488,271.9168106228172,9.570109915979943,1388.026547114032,12.975112178675063,1.571158933866608,22.70644631268136,1.1473191007342112,2800.0,48.143782063528754,1.22,19.790872738151645
0.8550000000000006,0.010911396260615373,10.911396260615373,0.06182279252123075,0.12817720747876926,0.0691982533020676,0.0030018370784408387,271.93195225553404,9.570969462323415,1388.15121372222,12.975555006597746,1.5713000486425588,22.707221261546056,1.148034292891248,2800.0,48.11111082238925,1.22,19.779218619297016
0.8600000000000007,0.010976274035648362,10.976274035648363,0.06195254807129673,0.12804745192870326,0.06920178915459484,0.0030144509950204785,271.94584727794773,9.571758268045915,1388.265620274805,12.97596136810852,1.571429549679524,22.707932394189907,1.1486920287961155,2800.0,48.08110579539039,1.22,19.768512207740233
0.8650000000000007,0.011041153842488905,11.041153842488905,0.062082307684977814,0.12791769231502217,0.06920500774234692,0.00302709175459512,271.9584955285778,9.572476317330684,1388.3697644777606,12.976331260648864,1.5715474343808102,22.708579706135513,1.1492919294059007,2800.0,48.05377371419145,1.22,19.75875678329541
0.8700000000000007,0.011106035498792148,11.10603549879215,0.0622120709975843,0.1277879290024157,0.06920790902779833,0.003039759324011187,271.9698968599584,9.573123595752397,1388.4636442388708,12.976664681876038,1.5716537003781605,22.709163193283064,1.1498336489307321,2800.0,48.029120679198996,1.22,19.749955321277177
0.8750000000000007,0.01117091882220153,11.170918822201529,0.062341837644403056,0.12765816235559693,0.06921049297699032,0.003052453669815536,271.98005113863996,9.573700090277587,1388.547257667792,12.976961629663103,1.5717483455318244,22.70968285191043,1.1503168785229196,2800.0,48.00715202231916,1.22,19.742110435753247
0.8800000000000007,0.011235803630349844,11.235803630349844,0.06247160726069969,0.1275283927393003,0.06921275955953157,0.0030651747582556266,271.9889582451922,9.57420578926504,1388.62060307611,12.97722210209894,1.5718313679306224,22.710138678673147,1.1507413381858989,2800.0,47.98787266003189,1.22,19.735224524457283
0.8850000000000007,0.01130068974086034,11.300689740860339,0.06260137948172068,0.12739862051827933,0.06921470874859867,0.0030779225552796875,271.99661807420574,9.574640682466166,1388.6836789773924,12.977446097488283,1.5719027658920075,22.710530670604495,1.1511068004971317,2800.0,47.97128611742427,1.22,19.729299367179863
0.8900000000000007,0.01136557697134778,11.36557697134778,0.06273115394269556,0.12726884605730443,0.06921634052093653,0.003090697026536904,272.00303053429394,9.575004761025287,1388.7364840872324,12.977633614351706,1.57196253796211,22.710858825115487,1.1514130582979671,2800.0,47.95739588801812,1.22,19.72433668477493
0.8950000000000007,0.01143046513941954,11.430465139419539,0.06286093027883907,0.1271390697211609,0.06921765485685885,0.003103498137377589,272.0081955480944,9.57529801747991,1388.7790173232875,12.97778465142566,1.5720106829157878,22.711123139994903,1.1516599429456233,2800.0,47.94620468204691,1.22,19.720337829851243
0.9000000000000007,0.011495354062676667,11.495354062676666,0.06299070812535333,0.12700929187464666,0.06921865174024837,0.003116325852853379,272.0121130522704,9.57552044576096,1388.811277805313,12.977899207662462,1.572047199756658,22.71132361340931,1.1518473240085396,2800.0,47.937714447841465,1.22,19.7173037954125
0.9050000000000007,0.01156024355871498,11.56024355871498,0.06312048711742996,0.12687951288257004,0.06921933115855722,0.00312918013771742,272.01478299751193,9.57567204119298,1388.8332648551916,12.977977282230343,1.5720720877171355,22.7114602439031,1.1519750899712453,2800.0,47.93192718140442,1.22,19.715235547732206
0.9100000000000007,0.011625133445126131,11.625133445126131,0.06325026689025226,0.12674973310974774,0.06921969310280707,0.0031420609564245636,272.0162053485363,9.575752800494246,1388.8449779969492,12.978018874513404,1.5720853462584472,22.71153303039846,1.1520431735478,2800.0,47.928843877591945,1.22,19.7141335948866
0.9150000000000007,0.011690023539498698,11.690023539498698,0.0633800470789974,0.1266199529210026,0.06921973756758937,0.0031549682731315735,272.0163800840893,9.57576272177691,1388.8464169567774,12.97802398411167,1.5720869750706583,22.711541972195423,1.1520515389302695,2800.0,47.92846506437096,1.22,19.71399820643796
0.9200000000000007,0.011754913659419256,11.754913659419255,0.06350982731883852,0.12649017268116147,0.06921946455106544,0.003167902051697323,272.0153071969454,9.575701804547041,1388.837581663037,12.97799261084106,1.5720769740726785,22.711487068971856,1.1520001817053882,2800.0,47.93079080795978,1.22,19.71482941552181
0.9250000000000007,0.011819803622473462,11.819803622473462,0.06363960724494692,0.12636039275505306,0.06921887405496649,0.003180862255683012,272.01298669390775,9.575570049704652,1388.818472246264,12.977924754733406,1.5720553434122662,22.71136832078346,1.1518891226388057,2800.0,47.93582097170282,1.22,19.716627125321846
0.9300000000000007,0.011884693246247129,11.884693246247128,0.06376938649249425,0.12623061350750575,0.06921796608459367,0.00319384884835238,272.0094185958086,9.575367459543703,1388.7890890391693,12.977820416036467,1.572022083466029,22.711185728063818,1.1517184329109407,2800.0,47.943554164698604,1.22,19.71939067664467
0.9350000000000007,0.011949582348327312,11.949582348327311,0.06389916469665463,0.12610083530334537,0.06921674064881789,0.003206861792671928,272.0046029375084,9.575094037751999,1388.7494325766231,12.977679595213885,1.571977194839407,22.7109392916243,1.1514882025474518,2800.0,47.95398905242296,1.22,19.723119387051128
0.9400000000000007,0.012014470746303381,12.014470746303381,0.06402894149260677,0.12597105850739324,0.06921519776007988,0.0032199010513111344,271.9985397678962,9.574749789411142,1388.6995035956495,12.97750229294523,1.5719206783666648,22.710629012654152,1.151198553142219,2800.0,47.96712382320422,1.22,19.72781233147405
0.9450000000000007,0.012079358257768107,12.079358257768106,0.06415871651553622,0.12584128348446377,0.06921333743438988,0.0032329665866426965,271.9912291498882,9.574334720996365,1388.6393030354016,12.977288510125971,1.5718525351108643,22.71025489272045,1.1508496444697198,2800.0,47.98295590683285,1.22,19.73346822658551
0.9500000000000007,0.012144244700318737,12.144244700318737,0.06428848940063747,0.12571151059936253,0.06921115969132748,0.0032460583607427573,271.9826711604273,9.573848840376344,1388.568832037133,12.977038247867469,1.571772766363835,22.70981693376807,1.1504416747312411,2800.0,48.001481956082,1.22,19.74008542334264
0.9550000000000007,0.012209129891558075,12.209129891558074,0.06441825978311615,0.12558174021688384,0.06920866455404125,0.0032591763353911466,271.9728658904817,9.57329215681301,1388.4880919441732,12.976751507496981,1.5716813736461384,22.709315138119717,1.1499748683182662,2800.0,48.02269834751571,1.22,19.747662113112117
0.9600000000000007,0.012274013649095559,12.27401364909556,0.06454802729819112,0.12545197270180888,0.0692058520492485,0.0032723204720716227,271.96181344504384,9.572664680961237,1388.3970843018808,12.97642829055764,1.5715783587070258,22.708749508475872,1.1494494832138786,2800.0,48.04660086239982,1.22,19.756196196619147
0.9650000000000007,0.012338895790548346,12.338895790548346,0.0646777915810967,0.1253222084189033,0.06920272220723481,0.0032854907319721234,271.94951394312835,9.57196642486858,1388.295810857605,12.976068598808443,1.5714637235243858,22.708120047914775,1.1488658246433567,2800.0,48.073184103004735,1.22,19.765685044173086
0.9700000000000008,0.012403776133542389,12.403776133542388,0.06480755226708478,0.1251924477329152,0.06919927506185358,0.0032986870759850145,271.93596751777085,9.571197401974915,1388.1842735606335,12.975672434224242,1.5713374703046905,22.707426759892424,1.1482242215799194,2800.0,48.102442459357306,1.22,19.776125893466816
0.9750000000000008,0.012468654495713511,12.468654495713512,0.06493730899142702,0.12506269100857298,0.06919551065052555,0.003311909464707355,271.9211743160255,9.57035762711205,1388.0624745621387,12.97523979899573,1.571199601482931,22.706669648242528,1.1475250480928205,2800.0,48.13436919996216,1.22,19.787515476007144
0.9800000000000008,0.01253353069470849,12.53353069470849,0.06506706138941698,0.12493293861058302,0.06919142901423816,0.0033251578584411494,271.90513449896275,9.569447116503317,1387.9304162151136,12.974770695529429,1.5710501197225486,22.7058487171765,1.1467687200899528,2800.0,48.16895658763435,1.22,19.79985006514256
0.9850000000000008,0.012598404548186138,12.598404548186137,0.06519680909637228,0.12480319090362772,0.06918703019754499,0.003338432217193625,271.88784824166714,9.568465887763066,1387.7881010743038,12.97426512644765,1.5708890279153547,22.704963971283387,1.1459557120060795,2800.0,48.20619515505118,1.22,19.813125178752923
0.9900000000000008,0.012663275873818375,12.663275873818375,0.06532655174763675,0.12467344825236325,0.06918231424856505,0.003351732500677495,271.8693157332344,9.56741395989621,1387.635531896137,12.973723094588495,1.5707163291814523,22.704015415529867,1.1450865370823824,2800.0,48.24607450538126,1.22,19.82733590893353
0.9950000000000008,0.012728144489291318,12.728144489291317,0.06545628897858263,0.12454371102141736,0.06917728121898202,0.0033650586683112416,271.84953717676854,9.566291353297629,1387.4727116386398,12.973144603005823,1.5705320268691423,22.70300305526019,1.1441617728877895,2800.0,48.28858220856582,1.22,19.842476469004286
1.0000000000000007,0.012793010212306347,12.793010212306347,0.0655860204246127,0.1244139795753873,0.0691719311640435,0.0033784106792193952,271.82851278937886,9.565098089751611,1387.2996434613547,12.972529654969232,1.570336124554828,22.701926896196156,1.1431820572951132,2800.0,48.33370393312177,1.22,19.85854024853334
1.0050000000000006,0.012857872860581192,12.857872860581192,0.06571574572116239,0.1242842542788376,0.06916626414256005,0.0033917884922328146,271.8062428021765,9.563834192431216,1387.1163307252486,12.971878253964036,1.5701286260429126,22.700786944437063,1.1421481297417777,2800.0,48.3814216578537,1.22,19.875519079621807
1.0100000000000005,0.012922732251851013,12.922732251851013,0.06584546450370203,0.12415453549629797,0.06916028021690444,0.0034051920658889883,271.7827274602707,9.562499685897583,1386.9227769926122,12.97119040369122,1.5699095353656867,22.699583206459636,1.1426468340253126,2800.0,48.36449001092164,1.22,19.865791013040848
1.0150000000000003,0.01298758820386947,12.98758820386947,0.06597517640773894,0.12402482359226105,0.06915397945301052,0.003418621358432321,271.7579670227652,9.561094596099247,1386.7189860269605,12.970466108067427,1.5696788567832123,22.698315689117997,1.1434663747094584,2800.0,48.3342298371934,1.22,19.850444395346013
1.0200000000000002,0.013052440534409807,13.052440534409806,0.06610488106881962,0.12389511893118038,0.06914736192037232,0.00343207632781444,271.7319617627543,9.559618950371377,1386.5049617929235,12.969705371224926,1.5694365947832019,22.69698439964362,1.1443286947450366,2800.0,48.30242929845795,1.22,19.834322519283365
1.0250000000000001,0.01311728906126593,13.11728906126593,0.06623457812253186,0.12376542187746814,0.06914042769204289,0.00344555693169449,271.7047119673183,9.558072777434978,1386.2807084561287,12.968908197511576,1.569182754080885,22.695589345645256,1.1452339908248046,2800.0,48.26908722391794,1.22,19.817425545760962
1.03,0.013182133602253489,13.182133602253488,0.06636426720450697,0.12363573279549302,0.06913317684463315,0.0034590631274394545,271.67621793751914,9.556456107396059,1386.046230383082,12.968074591490783,1.5689173396188705,22.69413053510887,1.14618245498441,2800.0,48.23420301515059,1.22,19.799753901674887
1.035,0.013246973975210942,13.246973975210942,0.06649394795042188,0.12350605204957811,0.06912560945831078,0.003472594872124465,271.6464799883959,9.554768971744751,1385.8015321410392,12.967204557941477,1.5686403565670075,22.692607976397586,1.1471742925279445,2800.0,48.197775892849926,1.22,19.781307970553925
1.0399999999999998,0.01331180999800065,13.31180999800065,0.0666236199960013,0.1233763800039987,0.06911772561679894,0.003486152122533115,271.61549844895984,9.553011403354427,1385.5466184978775,12.966298101858072,1.5683518103222325,22.691021678251627,1.148209715734855,2800.0,48.15980516659746,1.22,19.762088203311674
1.0449999999999997,0.01337664148850994,13.376641488509941,0.06675328297701988,0.12324671702298011,0.06910952540737485,0.003499734835157788,271.5832736621886,9.551183436480681,1385.2814944219494,12.965355228450404,1.5680517065084085,22.689371649788207,1.1492889376590463,2800.0,48.12029049832792,1.22,19.742095226291433
1.0499999999999996,0.013441468264652192,13.441468264652192,0.06688293652930438,0.1231170634706956,0.0691010089208686,0.003513342966199988,271.5498059850221,9.549285106760403,1385.0061650819466,12.96437594314373,1.567740050976171,22.687657900501527,1.150408698487476,2800.0,48.07937707836391,1.22,19.721389389988623
1.0549999999999995,0.01350629014436791,13.506290144367911,0.06701258028873583,0.12298741971126417,0.06909217625166163,0.003526976471570666,271.5150957883558,9.5473164512107,1384.7206358467445,12.96336025157865,1.5674168498027492,22.685880440262636,1.151576195689586,2800.0,48.0367731687195,1.22,19.699851842350643
1.0599999999999994,0.013571106945625805,13.571106945625804,0.0671422138912516,0.12285778610874838,0.06908302749768523,0.00354063530689056,271.47914345703543,9.545277508227823,1384.4249122852461,12.962308159611066,1.5670821092917915,22.684039279319364,1.1527882002940242,2800.0,47.9926237265826,1.22,19.677542911641265
1.0649999999999993,0.01363591848642386,13.63591848642386,0.06727183697284772,0.12272816302715228,0.06907356276041912,0.003554319427490542,271.44194938985106,9.543168317586066,1384.1190001662228,12.961219673312161,1.5667358359731864,22.68213442829628,1.1540449666825223,2800.0,47.94692826520024,1.22,19.654463286209307
1.0699999999999992,0.01370072458479042,13.70072458479042,0.06740144916958084,0.12259855083041915,0.06906378214488969,0.003568028788411953,271.4035139995303,9.540988920436579,1383.802905458142,12.960094798968303,1.5663780366028635,22.68016589819453,1.1553473278272934,2800.0,47.89966271461472,1.22,19.63060402004484
1.074999999999999,0.013765525058785262,13.765525058785261,0.06753105011757052,0.12246894988242947,0.06905368575966853,0.0035817633444069673,271.36383771273256,9.53873935930622,1383.4766343290005,12.958933543081057,1.566008718162608,22.67813370039185,1.1566944642683983,2800.0,47.850871979021925,1.22,19.605984467761434
1.079999999999999,0.013830319726500668,13.830319726500667,0.06766063945300134,0.12233936054699866,0.0690432737168706,0.003595523049938941,271.3229209700419,9.536419678096252,1383.1401931461357,12.957735912367069,1.5656278878598464,22.67603784664237,1.1580872430984281,2800.0,47.80053136544876,1.22,19.580595487757297
1.0849999999999989,0.013895108406062503,13.895108406062503,0.067790216812125,0.12220978318787498,0.06903254613215254,0.003609307859182771,271.28076422595996,9.53402992208111,1382.793588476047,12.956501913758045,1.5652355531274436,22.67387834907658,1.1595254166417908,2800.0,47.74866272111873,1.22,19.554447038120564
1.0899999999999987,0.013959890915631294,13.959890915631293,0.06791978183126259,0.1220802181687374,0.06902150312471084,0.003623117726025266,271.23736794889953,9.531570137907085,1382.436827084204,12.955231554400706,1.5648317216234864,22.671655220201238,1.1610105159448256,2800.0,47.695215033807614,1.22,19.527519267774363
1.0949999999999986,0.014024667073403297,14.024667073403297,0.0680493341468066,0.1219506658531934,0.06901014481727996,0.003636952604065513,271.1927326211765,9.529040373590929,1382.0699159348446,12.953924841656704,1.5644164012310569,22.669368472899233,1.162546810488691,2800.0,47.640025992778256,1.22,19.499746821695624
1.0999999999999985,0.01408943669761158,14.08943669761158,0.06817887339522316,0.12182112660477684,0.06899847133613037,0.0036508124466152515,271.1468587390025,9.526440678518485,1381.6928621907775,12.952581783102572,1.5639896000580025,22.6670181204295,1.1641258323972958,2800.0,47.58345602267577,1.22,19.471278352917473
1.1049999999999984,0.014154199606527093,14.154199606527094,0.06830839921305419,0.12169160078694581,0.06898648281106662,0.0036646972066992555,271.0997468124772,9.52377110344324,1381.3056732131704,12.951202386529662,1.5635513264367036,22.66460417642691,1.1657524885651802,2800.0,47.52531704268091,1.22,19.44203799583798
1.1099999999999983,0.014218955618459742,14.218955618459741,0.06843791123691949,0.12156208876308051,0.06897417937542533,0.0036786068370557117,271.05139736558027,9.521031700484842,1380.9083565613366,12.949786659944094,1.5631015889238293,22.662126654902163,1.1674272895185538,2800.0,47.46560210663948,1.22,19.41202407924523
1.1149999999999982,0.014283704551759462,14.283704551759461,0.06856740910351893,0.12143259089648106,0.06896156116607295,0.003692541290136612,271.001810936163,9.51822252312758,1380.5009199925132,12.948334611566665,1.5626403963000846,22.659585570241664,1.1691508026643072,2800.0,47.40430249726982,1.22,19.381234241642822
1.119999999999998,0.014348446224817296,14.348446224817296,0.06869689244963459,0.1213031075503654,0.06894862832340382,0.003706500518108147,270.9509880759402,9.515343626218845,1380.0833714616383,12.946846249832815,1.56216775756996,22.656980937207425,1.1709236389722104,2800.0,47.34140830305711,1.22,19.349665668287994
1.124999999999998,0.01441318045606646,14.41318045606646,0.06882636091213293,0.12117363908786707,0.06893538099133778,0.003720484472851102,270.89892935048124,9.512395065967517,1379.6557191211175,12.945321583392538,1.5616836819614672,22.654312770936944,1.1727464692745067,2800.0,47.27690779376268,1.22,19.317314836983925
1.129999999999998,0.014477907063983423,14.477907063983423,0.06895581412796685,0.12104418587203315,0.06892181931731796,0.003734493105961255,270.84563533920084,9.509376899942295,1379.2179713205817,12.943760621110304,1.5611881789258646,22.651581086943033,1.1746200376925442,2800.0,47.210786924639365,1.22,19.28417731698194
1.1349999999999978,0.014542625867088974,14.542625867088974,0.06908525173417795,0.12091474826582205,0.06890794345230852,0.0037485263687497923,270.7911066353508,9.50628918707008,1378.770136606652,12.942163372065012,1.5606812581373903,22.648785901113772,1.176545148611351,2800.0,47.143029912598834,1.22,19.25024800607576
1.1399999999999977,0.014607336683949299,14.607336683949299,0.0692146733678986,0.1207853266321014,0.06889375355079222,0.00376258421224371,270.73534384600987,9.50313198763422,1378.3122237226848,12.940529845549896,1.5601629294929753,22.64592722971232,1.2953570849087375,2800.0,42.82782560596027,1.22,17.482381880288866
1.1449999999999976,0.014672039333177048,14.672039333177048,0.0693440786663541,0.1206559213336459,0.06887924977076797,0.0037766665871862377,270.6783475920746,9.499905363272745,1377.844241608518,12.938860051072457,1.5596332031119549,22.6430050893768,1.5998089240138371,2800.0,34.68477282397097,1.22,14.153568435264557
1.1499999999999975,0.01473673363343241,14.736733633432411,0.06947346726686482,0.12052653273313517,0.06886443227374842,0.0037907734440372535,270.6201185082497,9.496609376976615,1377.3661994002132,12.937153998354395,1.5590920893357771,22.640019497120193,1.2674875208846779,2800.0,43.78816177367015,1.22,17.86212418195484
1.1549999999999974,0.014801419403424183,14.801419403424182,0.06960283880684837,0.12039716119315164,0.06884930122475735,0.0038049047329737134,270.5606572430375,9.49324409308782,1376.8781064297843,12.935411697331508,1.5585395987276969,22.636970470330137,1.695852604860637,2800.0,32.73465272020282,1.22,13.348430403354786
1.1599999999999973,0.01486609646191084,14.866096461910839,0.06973219292382168,0.12026780707617832,0.06883385679232709,0.003819060403890076,270.49996445872824,9.489809577297558,1376.37997222493,12.93363315815363,1.55797574207247,22.633858026768852,1.2553840893644121,2800.0,44.22997087896429,1.22,18.02942877683605
1.1649999999999971,0.014930764627701609,14.930764627701608,0.06986152925540322,0.12013847074459677,0.06881809914849588,0.003833240406398739,270.43804083138946,9.48630589664429,1375.8718065087528,12.931818391184537,1.5574005303760399,22.63068218457294,1.697735019751159,2800.0,32.71318259847937,1.22,13.329926002168449
1.169999999999997,0.01499542371965753,14.99542371965753,0.06999084743931507,0.12000915256068494,0.06880202846880516,0.0038474446898304772,270.37488705085553,9.482733119511813,1375.3536191994808,12.929967407001882,1.5568139748652163,22.627442962253294,1.2315770494293865,2800.0,45.105816393111105,1.22,18.372738411077915
1.174999999999997,0.01506007355669254,15.06007355669254,0.07012014711338507,0.11987985288661492,0.0687856449322968,0.0038616732032348867,270.31050382071646,9.479091315627233,1374.8254204101715,12.928080216397086,1.5562160869873463,22.6241403786949,1.6761674473550547,2800.0,33.14974270478324,1.22,13.497541915871924
1.1799999999999968,0.015124713957774524,15.124713957774524,0.07024942791554906,0.11975057208445095,0.06876894872151028,0.003875925895380835,270.24489185830714,9.475380556058958,1374.2872204484213,12.926156830375255,1.5556068784099828,22.6207744531567,1.634860163932867,2800.0,33.99557416735551,1.22,13.836519448085093
1.1849999999999967,0.015189344741926401,15.189344741926401,0.0703786894838528,0.11962131051614719,0.0687519400224798,0.0038902027147569023,270.17805189469567,9.471600913214612,1373.739029816065,12.924197260155104,1.5549863610205423,22.617345205271434,1.638830355722398,2800.0,33.92160715878155,1.22,13.80090692505002
1.1899999999999966,0.015253965728227176,15.253965728227175,0.07050793145645436,0.11949206854354565,0.06873461902473138,0.0039045036095718528,270.1099846746724,9.467752460838936,1373.1808592088682,12.922201517168848,1.5543545469259614,22.613852655045484,1.6374349339375591,2800.0,33.95907061435421,1.22,13.810535115838578
1.1949999999999965,0.01531857673581302,15.31857673581302,0.07063715347162604,0.11936284652837395,0.06871698592127987,0.003918828527755084,270.0406909567376,9.463835274011632,1372.6127195162169,12.920169613062125,1.5537114484523415,22.61029682285872,1.6360590087959306,2800.0,33.99635156926238,1.22,13.819976358614921
1.1999999999999964,0.01538317758387833,15.38317758387833,0.07076635516775666,0.11923364483224333,0.06869904090862591,0.0039331774169570986,269.97017151309007,9.459849429145192,1372.034621820802,12.918101559693904,1.5530570781445925,22.60667772946433,1.6347015373357976,2800.0,34.03347008649679,1.22,13.829238679440055
1.2049999999999963,0.0154477680916768,15.447768091676801,0.0708955361833536,0.1191044638166464,0.06868078418675277,0.003947550224549976,269.89842712961445,9.455795003982628,1371.446577398289,12.91599736913635,1.5523914487660606,22.602995395988614,1.6333612395593835,2800.0,34.07045134926466,1.22,13.838332175732301
1.2099999999999962,0.015512348078522482,15.512348078522482,0.07102469615704496,0.11897530384295503,0.06866221595912336,0.003961946897627836,269.82545860586936,9.451672077595271,1370.8485977170012,12.913857053674786,1.5517145732981668,22.599249843930874,1.6320365663997753,2800.0,34.10732637480548,1.22,13.847269300947195
1.214999999999996,0.015576917363790856,15.576917363790855,0.07115383472758172,0.11884616527241829,0.06864333643267682,0.003976367383007338,269.75126675507425,9.447480730380395,1370.240694437572,12.911680625807536,1.5510264649400183,22.59544109516319,1.6307256550334002,2800.0,34.1441330003255,1.22,13.856065258690244
1.219999999999996,0.015641475766919894,15.641475766919894,0.07128295153383979,0.11871704846616021,0.06862414581782542,0.003990811627228141,269.6758524040971,9.44322104405895,1369.622879412619,12.90946809824587,1.5503271371080323,22.591569171930274,1.6294263202894788,2800.0,34.18091612209881,1.22,13.864738092555621
1.2249999999999959,0.015706023107411125,15.706023107411125,0.07141204621482225,0.11858795378517775,0.06860464432845116,0.00400527957655341,269.5992163934411,9.438893101673116,1368.9951646863874,12.907219483913863,1.5496166034355399,22.58763409684926,1.628135992954008,2800.0,34.2177290529429,1.22,13.873309228836218
1.2299999999999958,0.015770559204830694,15.770559204830693,0.07154111840966139,0.1184588815903386,0.06858483218190245,0.004019771176970298,269.5213595772315,9.434496987583936,1368.3575624944067,12.904934795948321,1.548894877772391,22.583635892909562,1.6268514325190357,2800.0,34.25463964434645,1.22,13.881805948279368
1.2349999999999957,0.015835083878810434,15.835083878810433,0.07167016775762086,0.11832983224237913,0.06856470959899066,0.004034286374190448,269.4422828232022,9.430032787468816,1367.7100852631295,12.90261404769865,1.548161974184552,22.57957458347264,1.6255696212598496,2800.0,34.29171155791488,1.22,13.890253784376831
1.2399999999999956,0.015899596949048928,15.899596949048929,0.07179919389809786,0.11820080610190214,0.06854427680398664,0.004048825113650497,269.3619870126819,9.425500588319062,1367.0527456095735,12.900257252726755,1.547417906953693,22.57545019227182,1.62428633759265,2800.0,34.329034375982495,1.22,13.898688716258507
1.2449999999999954,0.01596409823531256,15.96409823531256,0.07192819647062512,0.11807180352937488,0.0685235340246172,0.00406338734051257,269.2804730405804,9.420900478437337,1366.3855563409513,12.897864424806938,1.5466626905767764,22.57126274341214,1.6229969558320665,2800.0,34.366706912396616,1.22,13.907150387623783
1.2499999999999953,0.016028587557436594,16.028587557436595,0.0720571751148732,0.1179428248851268,0.06850248149206146,0.004077972999664804,269.19774181537423,9.41623254743508,1365.7085304542984,12.895435577925777,1.54589633976563,22.56701226137011,1.621696170030018,2800.0,34.40484316552981,1.22,13.91568450269719
1.2549999999999952,0.016093064735326224,16.093064735326223,0.07218612947065245,0.11781387052934755,0.06848111944094738,0.004092582035721853,269.1137942590931,9.41149688622992,1365.0216811360974,12.892970726282014,1.545118869446524,22.562698770993524,1.6203778849386292,2800.0,34.44357479548737,1.22,13.924343809375104
1.2599999999999951,0.016157529588957633,16.157529588957633,0.07231505917791527,0.11768494082208472,0.06845944810934786,0.004107214393025415,269.02863130730424,9.406693587043005,1364.3250217618895,12.890469884286437,1.5443302947597326,22.558322297501267,1.6190351154720355,2800.0,34.483053461678914,1.22,13.933189022230877
1.264999999999995,0.016221981938379065,16.221981938379066,0.07244396387675814,0.11755603612324186,0.06843746773877708,0.004121870015644749,268.94225390909855,9.401822743396343,1363.6185658958896,12.887933066561777,1.543530631059095,22.55388286648311,1.6176598632990442,2800.0,34.52345369406392,1.22,13.942289957350416
1.269999999999995,0.016286421603711874,16.286421603711876,0.07257284320742374,0.11742715679257625,0.06841517857418672,0.004136548847377202,268.8546630270752,9.396884450110054,1362.902327290588,12.885360287942563,1.5427198939115678,22.549380503899485,1.616242977798636,2800.0,34.564976158673986,1.22,13.951726821800218
1.2749999999999948,0.016350848405151587,16.350848405151588,0.07270169681030317,0.11729830318969682,0.06839258086396206,0.004151250831748751,268.76585963732674,9.391878803299639,1362.1763198863541,12.882751563475024,1.5418980990967737,22.54481523608129,1.6147739905102527,2800.0,34.607851566541505,1.22,13.961591757467776
1.2799999999999947,0.01641526216296896,16.41526216296896,0.07283052432593792,0.11716947567406208,0.0683696748599181,0.004165975912014531,268.67584472942355,9.386805900373169,1361.4405578110286,12.880106908416954,1.541065262606541,22.540187089729667,1.6132409144947377,2800.0,34.65234543421122,1.22,13.9719907220362
1.2849999999999946,0.016479662697511045,16.479662697511046,0.07295932539502209,0.11704067460497791,0.06834646081729553,0.004180724031159374,268.58461930639817,9.381665840028445,1360.695055379512,12.877426338237596,1.5402214006444395,22.535496091915796,1.611630027464399,2800.0,34.69876332237658,1.22,13.98304555504666
1.2899999999999945,0.016544049829202233,16.544049829202233,0.07308809965840446,0.11691190034159553,0.06832293899475679,0.004195495131898362,268.49218438472974,9.376458722250144,1359.9398270933495,12.874709868617515,1.5393665296253085,22.53074227008065,1.6095443461491663,2800.0,34.75568807489094,1.22,13.998211558436047
1.2949999999999944,0.01660842337854532,16.60842337854532,0.07321684675709064,0.11678315324290936,0.06829910965438196,0.004210289156677376,268.39854099432796,9.371184648306912,1359.1748876403112,12.871957515448456,1.5385006661747802,22.5259256520348,1.605552792465313,2800.0,34.85425024530518,1.22,14.030012440417128
1.2999999999999943,0.016672783166122564,16.672783166122564,0.07334556633224512,0.11665443366775487,0.06827497306166462,0.00422510604767364,268.30369017851655,9.365843720748401,1358.4002518939603,12.86916929483324,1.5376238271287965,22.52104626595817,1.6007606946901365,2800.0,34.97094982102585,1.22,14.068965049343385
1.3049999999999942,0.01673712901259673,16.73712901259673,0.07347425802519346,0.11652574197480653,0.06825052948550767,0.004239945746796296,268.2076329940173,9.36043604340231,1357.6159349132251,12.866345223085606,1.5367360295331185,22.516104140399808,1.5949089636481235,2800.0,35.11182907529611,1.22,14.117485482618067
1.309999999999994,0.016801460738712158,16.80146073871216,0.07360292147742431,0.11639707852257568,0.06822577919821915,0.004254808195686948,268.110370510933,9.35496172137136,1356.8219519419617,12.863485316730102,1.535837290642834,22.511099304277682,1.5876635277685096,2800.0,35.284860514843146,1.22,14.178759485592924
1.314999999999994,0.01686577816529581,16.86577816529581,0.07373155633059161,0.11626844366940838,0.06820072247550785,0.004269693335720246,268.01190381273085,9.349420861030227,1356.0183184085054,12.860589592501936,1.534927627921851,22.50603178687839,1.5785821221470557,2800.0,35.50088847404771,1.22,14.257118125896143
1.3199999999999938,0.01693008111325832,16.930081113258318,0.07386016222651665,0.11613983777348336,0.06817535959647908,0.004284601108004447,267.91223399622544,9.343813570022489,1355.2050499252314,12.857658067346845,1.5340070590423975,22.500901617856982,1.5668577037825835,2800.0,35.779839075238904,1.22,14.360526526140243
1.3249999999999937,0.016994369403595052,16.99436940359505,0.0739887388071901,0.11601126119280988,0.06814969084363018,0.004299531453381991,267.8113621715611,9.338139957257447,1354.382162288092,12.854690758420949,1.5330756018845009,22.495708827236662,1.5551719176799876,2800.0,36.062271778269775,1.22,14.465094547743545
1.3299999999999936,0.017058642857387157,17.058642857387156,0.07411728571477431,0.11588271428522567,0.06812371650284613,0.004314484312430089,267.70928946219476,9.332400132907003,1353.549671476165,12.851687683090624,1.5321332745354739,22.490453445408594,1.5502234161243003,2800.0,36.19118071594042,1.22,14.507878807324932
1.3349999999999935,0.01712290129580261,17.12290129580261,0.07424580259160522,0.11575419740839477,0.06809743686339503,0.004329459625461299,267.60601700487837,9.326594208402453,1352.7075936511862,12.848648858932354,1.5311800952893875,22.48513550313162,1.5505601213712241,2800.0,36.19728536442811,1.22,14.5012987198762
1.3399999999999934,0.017187144540097274,17.187144540097275,0.07437428908019456,0.11562571091980545,0.06807085221792358,0.004344457332524117,267.5015459496407,9.320722296431251,1351.8559451570832,12.845574303732588,1.5302160826465407,22.47975503153203,1.555100111088719,2800.0,36.105705653299715,1.22,14.45550345681221
1.3449999999999933,0.017251372411615937,17.251372411615936,0.07450274482323188,0.11549725517676812,0.06804396286245239,0.004359477373403571,267.39587745976917,9.314784510933714,1350.994742519495,12.842464035487593,1.5292412553129218,22.474312062103287,1.5630306627460502,2800.0,35.93670716762797,1.22,14.378676373897056
1.3499999999999932,0.017315584731793374,17.315584731793376,0.07463116946358675,0.11536883053641325,0.06801676909637142,0.004374519687621813,267.2890127117921,9.308780967099771,1350.124002445302,12.839318072403318,1.5282556321996688,22.468806626705806,1.573674276688561,2800.0,35.707918364120665,1.22,14.277927115887216
1.354999999999993,0.01737978132215539,17.379781322155388,0.07475956264431077,0.11524043735568922,0.06798927122243517,0.004389584214438731,267.1809528954595,9.30271178136556,1349.2437418221314,12.83613643289523,1.527259232422517,22.463238757566653,1.5864073597837733,2800.0,35.43563955851486,1.22,14.159817539316245
1.359999999999993,0.017443962004319864,17.443962004319864,0.07488792400863972,0.11511207599136027,0.06796146954675802,0.004404670892852546,267.07169921372474,9.296577071410091,1348.3539777178744,12.832919135588178,1.5262520753012474,22.457608487279312,1.6006375772307675,2800.0,35.13497169602929,1.22,14.030414384081118
1.3649999999999929,0.017508126599997804,17.508126599997805,0.07501625319999561,0.1149837468000044,0.06793336437880933,0.004419779661600421,266.96125288272566,9.290376956151823,1347.4547273801877,12.829666199316227,1.5252341803591252,22.451915848803395,1.6158148962351335,2800.0,34.81934895528673,1.22,13.895103889137678
1.3699999999999928,0.017572274930994385,17.572274930994386,0.07514454986198876,0.11485545013801123,0.06790495603140861,0.004434910459159077,266.8496151317653,9.284111555745225,1346.5460082359973,12.826377643122528,1.524205567322336,22.446160875464425,1.6314521446251975,2800.0,34.50003741176931,1.22,13.758393679773613
1.3749999999999927,0.01763640681921,17.63640681921,0.07527281363842,0.11472718636158,0.06787624482072058,0.0044500632237454195,266.73678720329235,9.27778099157726,1345.6278378909867,12.823053486259138,1.5231662561194095,22.44034360095349,1.6515497768318257,2800.0,34.094623772227095,1.22,13.587446116217514
1.3799999999999926,0.017700522086641295,17.700522086641296,0.07540104417328258,0.1145989558267174,0.0678472310662502,0.004465237893317139,266.62277035288207,9.271385386263903,1344.7002341290927,12.819693748186872,1.5221162668806458,22.434464059327027,1.6791201011130763,2800.0,33.54914746757329,1.22,13.360845388281271
1.3849999999999925,0.017764620555382228,17.76462055538223,0.07552924111076445,0.11447075888923554,0.06781791509083766,0.004480434405573365,266.5075658492163,9.264924863646591,1343.7632149119897,12.816298448575163,1.5210556199375334,22.428522285006533,1.7041685210687951,2800.0,33.07032053933778,1.22,13.160976750667912
1.3899999999999924,0.017828702047625104,17.828702047625104,0.07565740409525021,0.1143425959047498,0.06778829722065333,0.004495652697955277,266.3911749740634,9.258399548788608,1342.816798378567,12.812867607301865,1.5199843358221552,22.422518312778266,1.7261358700384655,2800.0,32.6637223281052,1.22,12.990007740397978
1.3949999999999922,0.01789276638566161,17.892766385661613,0.07578553277132322,0.11421446722867677,0.06775837778519248,0.004510892707646744,266.27359902225817,9.251809567971469,1341.8610028444018,12.809401244453122,1.5189024352665963,22.416452177792966,1.8205733619046005,2800.0,30.98305183642423,1.22,12.312852998322407
1.3999999999999921,0.017956813391883878,17.956813391883877,0.07591362678376776,0.11408637321623225,0.06772815711727032,0.0045261543715749706,266.1548393016816,9.24515504869129,1340.8958468012358,12.805899380323197,1.5178099392023472,22.410323915565595,1.8084523391000051,2800.0,31.204630995423752,1.22,12.391990339495662
1.404999999999992,0.018020842888785495,18.020842888785495,0.07604168577757099,0.113958314222429,0.06769763555301658,0.0045414376264111276,266.0348971332401,9.23843611965507,1339.9213489164338,12.802362035414301,1.5167068687596925,22.404133561975026,1.8074253487803573,2800.0,31.236438301828564,1.22,12.395606588727572
1.409999999999992,0.018084854698962566,18.084854698962566,0.07616970939792514,0.11383029060207486,0.06766681343187038,0.004556742408571013,265.9137738508452,9.231652910776988,1338.937528032446,12.798789230436437,1.515593245267105,22.397881153263764,1.8065227882966752,2800.0,31.26627965591943,1.22,12.398338564210508
1.4149999999999918,0.01814884864511475,18.14884864511475,0.0762976972902295,0.1137023027097705,0.06763569109657475,0.0045720686542156915,265.79147080139177,9.22480555317462,1337.9444031662624,12.795180986307212,1.5144690902506222,22.391566726037624,1.0894970697141981,2800.0,51.86726871518423,1.22,20.55220463503539
1.4199999999999917,0.018212824550046285,18.212824550046285,0.07642564910009257,0.11357435089990742,0.0676042688931713,0.0045874162992521565,265.6679893447375,9.217894179165162,1336.941993508862,12.791537324151689,1.5133344254332282,22.385190317265454,1.0874378202759258,2800.0,51.989641615034465,1.22,20.585260048786466
1.4249999999999916,0.018276782236667045,18.276782236667046,0.07655356447333408,0.1134464355266659,0.06757254717099485,0.004602785279333991,265.5433308536815,9.210918922261612,1335.9303184246605,12.787858265302205,1.512189272734227,22.37875196427886,1.0854517316947634,2800.0,52.109219893512915,1.22,20.616994114826213
1.4299999999999915,0.018340721527993556,18.340721527993555,0.07668144305598712,0.11331855694401288,0.06754052628266784,0.004618175529862026,265.4174967139423,9.203879917168896,1334.9093974509478,12.784143831298199,1.5110336542686031,22.37225170477185,1.0835399543163506,2800.0,52.22590892644162,1.22,20.647371253501593
1.4349999999999914,0.018404642247150046,18.404642247150047,0.07680928449430009,0.1131907155056999,0.06750820658409482,0.00463358698598501,265.29048832413645,9.196777299779976,1333.8792502973238,12.78039404388603,1.509867592346388,22.365689576800555,1.081708946533945,2800.0,52.33935726537265,1.22,20.676254595532
1.4399999999999913,0.018468544217369477,18.468544217369477,0.07693708843473895,0.11306291156526105,0.06747558843445689,0.004649019582600284,265.1623070957565,9.18961120717193,1332.8398968451302,12.776608925018817,1.5086911094720121,22.359065618782928,1.079960303904581,2800.0,52.44944590412223,1.22,20.703599510041293
1.4449999999999912,0.01853242726199457,18.53242726199457,0.07706485452398915,0.11293514547601086,0.06744267219620603,0.004664473254354456,265.03295445314876,9.182381777601996,1331.7913571468762,12.772788496856244,1.5075042283436568,22.352379869498428,1.0782926803055783,2800.0,52.55619930715721,1.22,20.72941816053501
1.449999999999991,0.01859629120447885,18.596291204478852,0.07719258240895771,0.11280741759104229,0.06740945823505941,0.0046799479356440755,264.90243183349077,9.175089150503569,1330.7336514256579,12.76893278176439,1.506306971852598,22.34563236808768,1.0767040121317641,2800.0,52.6596792375824,1.22,20.7537374397311
1.454999999999991,0.018660135868387672,18.660135868387673,0.07732027173677535,0.11267972826322464,0.06737594691999362,0.004695443560616324,264.77074068676905,9.167733466482176,1329.666800074575,12.765041802315539,1.5050993630825449,22.338823154052193,1.0751873779133028,2800.0,52.760188464423734,1.22,20.776679128624846
1.4599999999999909,0.01872396107739925,18.723961077399252,0.07744792215479851,0.11255207784520149,0.06734213862323896,0.004710960063169706,264.63788247575616,9.160314867311433,1328.5908236561436,12.761115581288006,1.5038814253089752,22.331952267254014,1.073738061127884,2800.0,52.857926796850144,1.22,20.798324168369252
1.4649999999999908,0.018787766655305693,18.787766655305692,0.07757553331061139,0.1124244666893886,0.06730803372027348,0.004726497376954726,264.50385867598766,9.152833495928942,1327.5057429017022,12.757154141665952,1.502653181998462,22.325019747915416,1.0723508364178327,2800.0,52.95312306974302,1.22,20.818764708098435
1.4699999999999906,0.018851552426014023,18.851552426014024,0.07770310485202805,0.11229689514797195,0.06727363258981721,0.004742055435374605,264.36867077573913,9.145289496432166,1326.4115787108133,12.75315750663918,1.5014146568079987,22.318025636618565,1.07102000160101,2800.0,53.04603372022027,1.22,20.83810349317151
1.4749999999999905,0.01891531821354722,18.91531821354722,0.07783063642709444,0.11216936357290555,0.06723893561382607,0.004757634171585959,264.2323202760026,9.13768301407428,1325.3083521506594,12.74912569960297,1.500165873584314,22.3109699743052,1.0697399315241136,2800.0,53.13691539798674,1.22,20.85644306323838
1.4799999999999904,0.018979063842045233,18.979063842045232,0.07795812768409047,0.11204187231590954,0.06720394317748606,0.004773233518499524,264.09480869046325,9.130014195259989,1324.1960844554399,12.745058744157882,1.4989068563631893,22.303852802276296,1.0685008652451702,2800.0,53.226234547033144,1.22,20.87396793746032
1.4849999999999903,0.01904278913576602,19.04278913576602,0.07808557827153204,0.11191442172846795,0.06716865566920699,0.004788853408780845,263.95613754547537,9.122283187541292,1323.0747970257548,12.740956664109552,1.4976376293687597,22.296674162191714,1.0673064590330814,2800.0,53.31379326153612,1.22,20.890601732506358
1.4899999999999902,0.01910649391908657,19.10649391908657,0.07821298783817314,0.11178701216182685,0.06713307348061662,0.004804493774851007,263.8163083800387,9.114490139613254,1321.9445114279908,12.73681948346851,1.4963582170128216,22.289434096069893,1.069251330412439,2800.0,53.24502652802885,1.22,20.845832464358274
1.4949999999999901,0.019170178016503912,19.17017801650391,0.07834035603300782,0.11165964396699217,0.06709719700655435,0.004820154548887327,263.67532274577405,9.106635201309702,1320.8052493936991,12.73264722644999,1.4950686438941272,22.28213264628748,1.0706868565565264,2800.0,53.20206975194057,1.22,20.811063953796754
1.49999999999999,0.019233841252636164,19.233841252636164,0.07846768250527233,0.11153231749472767,0.0670610266450651,0.0048358356628241,263.5331822068991,9.098718523598922,1319.65703281897,12.72843991747372,1.4937689347976768,22.27476985557901,1.0720144065511716,2800.0,53.16484572061667,1.22,20.778423983349466
1.50499999999999,0.019297483452223534,19.297483452223535,0.07859496690444706,0.11140503309555293,0.067024562797393,0.004851537048353298,263.3898883402037,9.090740258579316,1318.4998837638025,12.724197581163736,1.4924591146940036,22.267345767036538,1.0733347803312634,2800.0,53.12833250768669,1.22,20.74594634878427
1.5099999999999898,0.019361104440129354,19.361104440129353,0.07872220888025871,0.11127779111974129,0.06698780586797523,0.004867258636925321,263.24544273502545,9.082700559475013,1317.3338244514691,12.71992024234817,1.4911392087384585,22.2598604241093,1.0746492852693796,2800.0,53.092462660015194,1.22,20.71360464221541
1.5149999999999897,0.019424704041341095,19.424704041341094,0.07884940808268219,0.1111505919173178,0.06695075626443554,0.0048830003597497024,263.09984699322456,9.07459958063148,1316.1588772678788,12.715607926059066,1.4898092422704843,22.252313870603366,1.075959408274759,2800.0,53.05716040349382,1.22,20.68136929652738
1.5199999999999896,0.01948828208097139,19.488282080971388,0.07897656416194278,0.11102343583805721,0.06691341439757796,0.004898762147795873,262.9531027291588,9.066437477511071,1314.97506476093,12.71126065753216,1.4884692408128877,22.244706150681278,1.077266786300889,2800.0,53.022343163470104,1.22,20.649208193882032
1.5249999999999895,0.01955183838425905,19.55183838425905,0.0791036767685181,0.1108963232314819,0.06687578068138028,0.004914543931793874,262.8052115696581,9.058214406688561,1313.7824096398658,12.706878462206685,1.4871192300711058,22.2370373088617,1.0785731658070223,2800.0,52.9879236115815,1.22,20.61708747614099
1.5299999999999894,0.019615372776570085,19.615372776570084,0.07923074555314016,0.11076925444685982,0.06683785553298764,0.004930345642235122,262.6561751539993,9.049930525846646,1312.580934774618,12.702461365725165,1.485759235932467,22.229307390019038,1.0798803791967742,2800.0,52.953810859007035,1.22,20.584972019357757
1.5349999999999893,0.01967888508339871,19.67888508339871,0.07935777016679743,0.11064222983320257,0.06679963937270594,0.004946167209373138,262.50599513388016,9.041585993771413,1311.370663195153,12.698009393933196,1.4843892844654472,22.221516439383095,1.0811902845794419,2800.0,52.91991343414275,1.22,20.55282659890599
1.5399999999999892,0.01974237513036838,19.74237513036838,0.07948475026073676,0.11051524973926324,0.06676113262399529,0.004962008563224304,262.3546731733938,9.033180970347788,1310.1516180908093,12.693522572879257,1.4830094019189224,22.2136645025387,1.0825047388575941,2800.0,52.88614060202766,1.22,20.52061640485895
1.544999999999989,0.019805842743232775,19.805842743232773,0.07961168548646555,0.11038831451353445,0.06672233571346332,0.004977869633568627,262.2022109490023,9.024715616554932,1308.9238228096312,12.689000928814476,1.481619614721413,22.205751625425332,1.083825555598499,2800.0,52.85240441421934,1.22,20.488307837660372
1.549999999999989,0.019869287747876847,19.869287747876847,0.0797385754957537,0.11026142450424631,0.06668324907085861,0.004993750349950483,262.04861014951075,9.016190094461631,1307.6873008576993,12.684444488192431,1.4802199494803272,22.197777854336756,1.0851452897189333,2800.0,52.819068236666254,1.22,20.456042213560423
1.5549999999999888,0.01993270997031781,19.93270997031781,0.07986541994063562,0.11013458005936438,0.06664387312906386,0.005009650641679386,261.8938724760408,9.007604567221655,1306.4420758984584,12.679853277668943,1.4788104329811989,22.189743235920652,1.0864720657808649,2800.0,52.785736307271,1.22,20.4236665946607
1.5599999999999887,0.019996109236706153,19.996109236706154,0.07999221847341231,0.11000778152658769,0.06660420832408914,0.005025570437830757,261.73799964200373,8.998959199069052,1305.188171752034,12.67522732410184,1.4773910921869153,22.18164781717822,1.0878087871574396,2800.0,52.7522689915205,1.22,20.39112763111726
1.5649999999999886,0.020059485373326663,20.059485373326662,0.08011897074665333,0.10988102925334667,0.06656425509506514,0.005041509667246686,261.580993373074,8.990254155313478,1303.9256123945543,12.670566654550758,1.4759619542369498,22.173491645463823,1.0891563471654817,2800.0,52.71862499994308,1.22,20.358410161378675
1.5699999999999885,0.02012283820659942,20.12283820659942,0.08024567641319884,0.10975432358680115,0.06652401388423612,0.00505746825853671,261.4228554071619,8.981489602335413,1302.6544219574596,12.6658712962769,1.4745230464465764,22.165274768484572,1.090515473001921,2800.0,52.684771397326536,1.22,20.325502312653132
1.5749999999999884,0.020186167563080802,20.1861675630808,0.0803723351261616,0.10962766487383839,0.06648348513695322,0.005073446140078587,261.2635874943867,8.972665707581449,1301.374624726814,12.661141276742846,1.4730743963060964,22.156997234299983,1.0918862706215609,2800.0,52.65070547616735,1.22,20.292403916469265
1.5799999999999883,0.020249473269464517,20.249473269464517,0.08049894653892903,0.10950105346107096,0.06644266930166733,0.005089443240019087,261.10319139704905,8.963782639559447,1300.0862451426078,12.656376623612314,1.471616031480045,22.148659091321548,1.09326989051093,2800.0,52.61637430338663,1.22,20.25909547455896
1.5849999999999882,0.02031275515258258,20.31275515258258,0.08062551030516515,0.10937448969483483,0.06640156682992213,0.00510545948627476,260.94166888960353,8.954840567833745,1298.789307798059,12.65157736474992,1.4701479798064008,22.14026038831236,1.0946659787822557,2800.0,52.58179764159187,1.22,20.225585537007326
1.589999999999988,0.02037601303940633,20.37601303940633,0.08075202607881266,0.10924797392118733,0.06636017817634703,0.005121494806532735,260.7790217586308,8.945839663020287,1297.4838374389083,12.646743528220988,1.4686702692957898,22.13180117438673,1.0960743578713108,2800.0,52.546986677219486,1.22,20.19187933323152
1.594999999999988,0.020439246757047436,20.439246757047435,0.08087849351409487,0.10912150648590513,0.06631850379865006,0.005137549128251511,260.6152518028098,8.936780096781755,1296.1698589627129,12.641875142291296,1.4671829281306838,22.123281499009767,1.0974945784866548,2800.0,52.51196553914457,1.22,20.15798704856999
1.5999999999999879,0.020502456132758893,20.502456132758894,0.08100491226551779,0.10899508773448222,0.06627654415761075,0.0051536223786617505,260.4503608328896,8.927662041822657,1294.8473974181345,12.636972235426851,1.4656859846645953,22.11470141199699,1.0989259593781284,2800.0,52.47676927016959,1.22,20.1239230207206
1.6049999999999878,0.020565640993936027,20.565640993936025,0.08113128198787206,0.10886871801212794,0.06623429971707287,0.00516971448476708,260.28435067166106,8.918485671884392,1293.516478004222,12.632034836293684,1.4641794674212674,22.106060963513947,1.1003675683033098,2800.0,52.4414446220177,1.22,20.089706022143087
1.6099999999999877,0.020628801168117494,20.628801168117494,0.081257602336235,0.108742397663765,0.0661917709439372,0.00518582537334489,260.11722315392836,8.90925116174028,1292.1771260696933,12.627062973757573,1.4626634050938556,22.097360204075752,1.1018189229453368,2800.0,52.406016595584475,1.22,20.05534643115949
1.6149999999999876,0.02069193648298628,20.691936482986282,0.08138387296597256,0.10861612703402743,0.06614895830815425,0.005201954970947145,259.9489801264802,8.899958687190567,1290.829367112208,12.62205667688385,1.461137826544112,22.088599184546734,1.1032772809744005,2800.0,52.3706172878846,1.22,20.020895531392043
1.6199999999999875,0.0207550467663707,20.7550467663707,0.0815100935327414,0.10848990646725859,0.06610586228271696,0.0052181032039011945,259.7796234480615,8.890608425057435,1289.4732267776449,12.617015974937148,1.4596027608015614,22.07977795614001,1.1259408551005918,2800.0,51.34992635413117,1.22,19.610069086770455
1.6249999999999873,0.020818131846245383,20.818131846245382,0.08163626369249077,0.10836373630750923,0.06606248334365325,0.005234269998310582,259.60915498934366,8.88120055317992,1288.1087308593656,12.61194089738117,1.45805823706267,22.07089657041705,1.1625614882258135,2800.0,49.765062086947665,1.22,18.984713319636516
1.6299999999999872,0.02088119155073229,20.88119155073229,0.08176238310146458,0.10823761689853542,0.0660188219700186,0.005250455280055865,259.4375766328958,8.871735250408856,1286.7359052974805,12.606831473878449,1.456504284690015,22.061955079287287,1.1928472730402542,2800.0,48.533628876739236,1.22,18.49520519341689
1.6349999999999871,0.020944225708101682,20.944225708101683,0.08188845141620336,0.10811154858379662,0.0659748786438886,0.005266658974795436,259.26489027315534,8.86221269660178,1285.3547761781092,12.601687734290106,1.454940933211446,22.052953535007685,1.6305088205236242,2800.0,35.5298705305501,1.22,13.525197323327307
1.639999999999987,0.02100723414677313,21.007234146773133,0.08201446829354626,0.10798553170645372,0.06593065385035143,0.005282881007966344,259.09109781639836,8.852633072617799,1283.9653697326373,12.596509708675615,1.4533682123192457,22.043891990182328,1.1933167083827836,2800.0,48.57941417059276,1.22,18.472792541434227
1.644999999999987,0.02107021669531651,21.070216695316507,0.08214043339063301,0.10785956660936698,0.06588614807750026,0.005299121304785128,258.9162011807097,8.842996560312427,1282.5677123369671,12.591297427292554,1.4517861518692794,22.034770497761972,1.1734707526706714,2800.0,49.43436839628126,1.22,18.777434757205167
1.6499999999999868,0.02113317318245297,21.13317318245297,0.08226634636490594,0.10773365363509405,0.06584136181642568,0.005315379790248648,258.7402022959536,8.833303342532437,1281.16183051077,12.58605092059638,1.4501947818801515,22.025589111043665,1.1427489320199695,2800.0,50.79789879570238,1.22,19.274215441278372
1.6549999999999867,0.02119610343705595,21.19610343705595,0.0823922068741119,0.10760779312588808,0.06579629556120799,0.005331656389134909,258.56310310374283,8.823553603110613,1279.747750916727,12.580770219240136,1.448594132532343,22.01634788367024,1.1129199564825598,2800.0,52.195132525003345,1.22,19.78250794716093
1.6599999999999866,0.02125900728815215,21.25900728815215,0.08251801457630431,0.10748198542369569,0.06575094980890953,0.005347951026003914,258.38490555740896,8.813747526860556,1278.325500359774,12.575455354074265,1.446984234167359,22.007046869629963,1.1172329191446537,2800.0,52.02949648455907,1.22,19.69781456715258
1.6649999999999865,0.02132188456492252,21.32188456492252,0.08264376912984504,0.10735623087015495,0.06570532505956696,0.005364263625198497,258.20561162197197,8.803885299571418,1276.8951057863387,12.570106356146317,1.4453651172868642,21.997686123256052,1.1379568411574401,2800.0,51.11743086293286,1.22,19.330861529758668
1.6699999999999864,0.02138473509670325,21.384735096703253,0.0827694701934065,0.10723052980659349,0.06565942181618344,0.005380594110845174,258.0252232741093,8.793967108002613,1275.4565942835738,12.564723256700727,1.4437368125518153,21.98826569922627,1.1638084299280655,2800.0,50.01690618625323,1.22,18.893372082366987
1.6749999999999863,0.021447558712986755,21.447558712986755,0.08289511742597351,0.10710488257402648,0.06561324058472069,0.005396942406854987,257.84374250212494,8.783993139878495,1274.0099930785834,12.559306087178532,1.4420993507815862,21.978785652562433,1.1870425969473095,2800.0,49.07243245548444,1.22,18.515582936185083
1.6799999999999862,0.02151035524342265,21.510355243422648,0.0830207104868453,0.10697928951315469,0.06556678187409137,0.005413308436924357,257.6611713059192,8.77396358388307,1272.555329537659,12.553854879217152,1.4404527629531,21.969246038630015,1.210882742207055,2800.0,48.14036953156365,1.22,18.143165537719245
1.684999999999986,0.021573124517818735,21.573124517818734,0.08314624903563747,0.10685375096436253,0.06552004619615093,0.005429692124535945,257.4775116969569,8.76387862965461,1271.092631165495,12.548369664650115,1.4387970801999452,21.9596469131377,1.2590866224011217,2800.0,46.33034913018949,1.22,17.440934183908567
1.689999999999986,0.021635866366141985,21.635866366141986,0.08327173273228397,0.10672826726771603,0.0654730340656896,0.005446093392959502,257.29276569823594,8.75373846778024,1269.6219256044067,12.542850475506793,1.4371323338114879,21.949988332136886,1.7039838649930272,2800.0,34.25842813252335,1.22,12.881570526037057
1.6949999999999859,0.02169858061851952,21.698580618519518,0.08339716123703904,0.10660283876296095,0.06542574600042467,0.00546251216525274,257.1069353442565,8.74354328979061,1268.143240633555,12.537297344012176,1.4354585552319938,21.940270352021308,1.6899100569453565,2800.0,34.56870446310998,1.22,12.983099462512252
1.6999999999999857,0.02176126710523958,21.76126710523958,0.08352253421047916,0.10647746578952083,0.06537818252099212,0.005478948364262194,256.92002268098884,8.733293288154389,1266.6566041681494,12.531710302586573,1.4337757760597292,21.930493029526502,1.6736532755037303,2800.0,34.92987588312392,1.22,13.103366958085116
1.7049999999999856,0.02182392565675251,21.82392565675251,0.08364785131350502,0.10635214868649498,0.06533034415093872,0.005495401912624094,256.73202976584173,8.722988656272861,1265.1620442586632,12.526089383845393,1.4320840280460692,21.92065642172944,1.6536206932412483,2800.0,35.378916898941895,1.22,13.256157540435067
1.7099999999999855,0.02188655610367174,21.88655610367174,0.08377311220734349,0.10622688779265652,0.06528223141671376,0.005511872732765233,256.54295866763016,8.71262958847441,1263.6595890900348,12.52043462059884,1.4303833430945945,21.91076058604797,1.6276063466584345,2800.0,35.97087582343974,1.22,13.461953273303443
1.7149999999999854,0.021949158276774735,21.949158276774735,0.08389831655354947,0.10610168344645052,0.06523384484766095,0.005528360746903843,256.35281146654347,8.702216280009043,1262.149266980873,12.51474604585168,1.428673753260192,21.90080558024044,1.5931918474117868,2800.0,36.77513924099721,1.22,13.746496139695482
1.7199999999999853,0.022011732007003994,22.011732007003992,0.08402346401400798,0.10597653598599201,0.06518518497601021,0.005544865877050481,256.16159025411304,8.691748927042855,1260.6311063826522,12.509023692802968,1.4269552907481475,21.890791462405193,1.4362983200602786,2800.0,40.822709148090055,1.22,15.241117500914767
1.7249999999999852,0.022074277125468007,22.074277125468008,0.08414855425093601,0.10585144574906398,0.06513625233686925,0.005561388045008909,255.96929713317928,8.681227726652475,1259.1051358789102,12.503267594845767,1.4252279879132297,21.88071829098009,1.39485114219546,2800.0,42.06731055703858,1.22,15.68677662373377
1.729999999999985,0.022136793463442238,22.13679346344224,0.08427358692688447,0.10572641307311552,0.06508704746821543,0.005577927172376975,255.77593421785974,8.670652876819506,1257.5713841844395,12.497477785566904,1.4234918772587817,21.87058612474208,1.4008510101885314,2800.0,41.918801641784405,1.22,15.612357035598427
1.734999999999985,0.022199280852370072,22.199280852370073,0.08439856170474014,0.10560143829525985,0.06503757091088735,0.005594483180547504,255.5815036335157,8.660024576424918,1256.0298801444749,12.491654298746685,1.4217469914357996,21.8603950228067,1.4374630998833526,2800.0,40.88220956017422,1.22,15.207621694484281
1.739999999999985,0.022261739123863807,22.26173912386381,0.08452347824772762,0.10547652175227237,0.06498782320857634,0.0056110559907091954,255.3860075167191,8.64934302524343,1254.4806527338778,12.485797168358623,1.419993363242008,21.850145044627588,1.5089243685919576,2800.0,38.97587868680681,1.22,14.480609830045294
1.7449999999999848,0.0223241681097056,22.3241681097056,0.0846483362194112,0.1053516637805888,0.0649378049078182,0.005627645523847512,255.18944801521997,8.63860842393789,1252.9237310563226,12.479906428569171,1.4182310256209392,21.839836249996047,1.5971537647552585,2800.0,36.85114988492301,1.22,13.674222690351106
1.7499999999999847,0.022386567641848445,22.386567641848444,0.0847731352836969,0.1052268647163031,0.06488751655798455,0.005644251700745584,254.99182728791232,8.627820974053575,1251.3591443434686,12.47398211373744,1.4164600116609973,21.829468699040522,1.6251704307953039,2800.0,36.243932496110546,1.22,13.432110433093415
1.7549999999999846,0.02244893755241713,22.44893755241713,0.08489787510483426,0.10510212489516574,0.06483695871127447,0.005660874441985108,254.79314750480142,8.616980878012553,1249.7869219541437,12.468024258414943,1.414680354594532,21.81904245222615,1.6541836366485854,2800.0,35.636005867230395,1.22,13.190217802197607
1.7599999999999845,0.022511277673709206,22.511277673709206,0.08502255534741841,0.10497744465258158,0.06478613192270576,0.005677513667947256,254.59341084696936,8.606088339107925,1248.2070933735076,12.462032897345287,1.4128920877968938,21.80855757035425,1.6817726167394453,2800.0,35.078906727415,1.22,12.967601775224422
1.7649999999999844,0.022573587838195932,22.57358783819593,0.08514717567639186,0.10485282432360812,0.06473503675010644,0.005694169298813576,254.39261950654188,8.595143561498146,1246.6196882122288,12.45600806546392,1.411095244785501,21.79801411456186,1.706708927239617,2800.0,34.59366046204699,1.22,12.771957635340522
1.7699999999999843,0.02263586787852325,22.63586787852325,0.0852717357570465,0.10472826424295349,0.06468367375410616,0.005710841254566913,254.19077568665412,8.58414675020125,1245.0247362056473,12.449949797897848,1.4092898592188925,21.78741214632123,1.7286439501551254,2800.0,34.18181732962978,1.22,12.603759232412244
1.7749999999999841,0.02269811762751274,22.69811762751274,0.08539623525502549,0.10460376474497451,0.06463204349812732,0.005727529454992322,253.98788160141626,8.573098111089065,1243.4222672129365,12.443858129965333,1.4074759648957782,21.776751727439333,1.492520999985418,2800.0,39.62114661902835,1.22,14.59058313260054
1.779999999999984,0.022760336918162566,22.760336918162565,0.08552067383632514,0.10447932616367486,0.06458014654837646,0.0057442338196779736,253.78393947587946,8.56199785088145,1241.812311216264,12.437733097175638,1.4056535957540912,21.766032920057366,1.6188864338757945,2800.0,36.55779284517684,1.22,13.445064746108878
1.784999999999984,0.022822525583648445,22.822525583648446,0.0856450511672969,0.1043549488327031,0.06452798347383552,0.005760954268016093,253.5789515460014,8.550846177140473,1240.194898319952,12.431574735228718,1.4038227858700325,21.75525578665026,1.8619303423097036,2800.0,31.811478537227092,1.22,11.684247950792352
1.7899999999999838,0.022884683457324587,22.884683457324588,0.08576936691464918,0.10423063308535083,0.06447555484625297,0.005777690719203875,253.3729200586116,8.539643298264565,1238.570058749625,12.425383080014953,1.4019835694571137,21.744420390026168,1.8613245606806947,2800.0,31.847707899999303,1.22,11.682229337840003
1.7949999999999837,0.02294681037272466,22.946810372724663,0.08589362074544932,0.10410637925455067,0.06442286124013495,0.005794443092244411,253.16584727137652,8.528389423482686,1236.9378228513663,12.419158167614853,1.4001359808651956,21.733526793325993,1.8607312516369798,2800.0,31.883920404563256,1.22,11.680099839353968
1.7999999999999836,0.023008906163562735,23.008906163562735,0.08601781232712546,0.10398218767287452,0.06436990323273639,0.005811211305947619,252.95773545276472,8.517084762848429,1235.2982210908617,12.412900034298765,1.398280054579523,21.722575060022837,1.86012589275649,2800.0,31.920536577109157,1.22,11.678013377810956
1.8049999999999835,0.02307097066373423,23.07097066373423,0.08614194132746847,0.10385805867253153,0.06431668140405213,0.005827995278931185,252.74858688201186,8.50572952723415,1233.6512840525486,12.406608716526593,1.3964158252197596,21.71156525392154,1.859481183993428,2800.0,31.95802717481298,1.22,11.676141410204382
1.8099999999999834,0.023133003707316864,23.133003707316863,0.08626600741463372,0.10373399258536627,0.06426319633680783,0.00584479492962148,252.53840384908514,8.494323928325032,1231.9970424387552,12.400284250947493,1.3945433275390131,21.700497439158113,1.8587645967107913,2800.0,31.996955898524135,1.22,11.674688380421383
1.8149999999999833,0.023195005128571602,23.1950051285716,0.08639001025714321,0.10360998974285679,0.06420944861645106,0.0058616101762545255,252.32718865464807,8.48286817861316,1230.3355270688405,12.393926674399586,1.3926625964228643,21.689371680199276,1.8579364997865089,2800.0,32.03801278195793,1.22,11.673903646702431
1.8199999999999832,0.0232569747619436,23.256974761943603,0.0865139495238872,0.10348605047611278,0.06415543883114223,0.0058784409368769115,252.11494361002508,8.47136249139158,1228.6667688783336,12.387536023909686,1.3907736668883903,21.67818804184195,1.85694721495513,2800.0,32.082066802041375,1.22,11.674100301427128
1.824999999999983,0.02331891244206315,23.31891244206315,0.0866378248841263,0.1033621751158737,0.06410116757174546,0.0058952871293467615,251.90167103716533,8.459807080748307,1226.9907989180633,12.381112336692954,1.38887657408318,21.66694658921267,1.855737020608018,2800.0,32.130168695791234,1.22,11.675655736023234
1.829999999999983,0.023380818003746615,23.380818003746615,0.08676163600749323,0.10323836399250677,0.06404663543181947,0.005912148671334665,251.68737326860733,8.44820216156035,1225.3076483532927,12.37465565015265,1.3869713532843557,21.65564738776714,1.8542160643358212,2800.0,32.183903570359995,1.22,11.679139127469579
1.8349999999999829,0.02344269128199738,23.44269128199738,0.08688538256399475,0.10311461743600524,0.06399184300760842,0.005929025480324639,251.47205264744247,8.436547949487686,1223.617348462845,12.368166001879805,1.3850580398975816,21.64429050328966,1.8504015591075462,2800.0,32.27786296793243,1.22,11.69707753258096
1.8399999999999828,0.023504532112006777,23.50453211200678,0.08700906422401355,0.10299093577598645,0.06393679089803267,0.005945917473615081,251.25571152727906,8.42484466096725,1221.9199306382309,12.361643429652936,1.3831366694560787,21.63287600189264,1.8284930124585392,2800.0,32.69273378291864,1.22,11.830986421329385
1.8449999999999827,0.02356634032915504,23.566340329155043,0.08713268065831009,0.10286731934168991,0.06388147970467961,0.005962824568319721,251.03835227220623,8.413092513206887,1220.2154263827729,12.355087971437737,1.3812072776196291,21.621403950016038,1.818400314951739,2800.0,32.902652621784505,1.22,11.890343271629867
1.8499999999999825,0.02362811576901223,23.62811576901223,0.08725623153802446,0.10274376846197553,0.06382591003179425,0.005979746681368583,250.8199772567567,8.401291724179261,1218.5038673107201,12.348499665386766,1.3792699001735802,21.60987441442684,1.827224763450126,2800.0,32.77225982972443,1.22,11.826609865785503
1.8549999999999824,0.023689858267339166,23.689858267339165,0.08737971653467833,0.10262028346532166,0.06377008248627002,0.005996683729508952,250.60058886587103,8.389442512615812,1216.7852851463736,12.341878549839176,1.377324573027849,21.598287462218558,1.841669243078342,2800.0,32.54368769619271,1.22,11.727560496214357
1.8599999999999823,0.02375156766008836,23.75156766008836,0.08750313532017673,0.10249686467982327,0.06371399767763933,0.006013635629306341,250.38018949486025,8.377545098000633,1215.0597117231973,12.335224663320368,1.3753713322159182,21.586643160810645,1.8558901104233043,2800.0,32.322747131236525,1.22,11.631423131990834
1.8649999999999822,0.023813243783404964,23.813243783404964,0.08762648756680994,0.10237351243319007,0.0636576562180642,0.0060306022971454475,250.15878154936905,8.365599700564351,1213.3271789829307,12.328538044541705,1.3734102138938324,21.574941577947985,1.8680739589198956,2800.0,32.140354798129515,1.22,11.549297325691768
1.8699999999999821,0.023874886473627673,23.874886473627672,0.08774977294725535,0.10225022705274464,0.0636010587223268,0.006047583649231136,249.93636744533867,8.353606541277994,1211.5877189746989,12.321818732400201,1.3714412543391903,21.563182781700352,1.878046928134814,2800.0,31.998129544668032,1.22,11.481706052529725
1.874999999999982,0.023936495567289676,23.936495567289676,0.08787299113457936,0.10212700886542064,0.06354420580782005,0.006064579601589416,249.71294960897004,8.341565841846862,1209.8413638541242,12.315066765978214,1.369464489950138,21.551366840461874,1.8861228027082628,2800.0,31.88962819450991,1.22,11.426279778557635
1.879999999999982,0.023998070901119568,23.99807090111957,0.08799614180223914,0.10200385819776087,0.06348709809453798,0.006081590070068401,249.4885304766857,8.329477824704323,1208.088145882427,12.308282184543128,1.3674799572443517,21.539493822950472,2.2616033753890643,2800.0,26.61910548974048,1.22,9.523992605133527
1.8849999999999818,0.024059612312042282,24.059612312042283,0.08811922462408456,0.10188077537591543,0.0634297362050663,0.006098614970339309,249.26311249509286,8.317342713005655,1206.328097425531,12.301465027547044,1.3654876928580257,21.527563798207325,1.90887752135214,2800.0,31.56635297462339,1.22,11.277603490745927
1.8899999999999817,0.024121119637180017,24.121119637180016,0.08824223927436003,0.10175776072563997,0.06337212076457276,0.006115654217897435,249.0366981209456,8.305160730621836,1204.5612509531638,12.294615334626465,1.3634877335448539,21.515576835596313,1.9092455733939862,2800.0,31.58896117137742,1.22,11.269151090579182
1.8949999999999816,0.02418259271385315,24.18259271385315,0.0883651854277063,0.1016348145722937,0.06331425240079748,0.006132707728063133,248.80928982110672,8.292932102133317,1202.7876390379529,12.287733145601983,1.361480116175006,21.503533004803472,1.9097695361951854,2800.0,31.609158408653585,1.22,11.259752864026066
1.8999999999999815,0.02424403137958116,24.244031379581163,0.08848806275916232,0.10151193724083768,0.06325613174404345,0.00614977541598281,248.58089007251036,8.28065705282381,1201.0072943545258,12.280818500477963,1.3594648777341103,21.491432375836435,1.655732231029801,2800.0,36.49241828704327,1.22,12.980016921256405
1.9049999999999814,0.02430543547208355,24.30543547208355,0.0886108709441671,0.10138912905583289,0.0631977594271666,0.006166857196629918,248.3515013621233,8.268335808674019,1199.2202496785992,12.273871439442212,1.35744205532222,21.47927501902387,1.6605866735640444,2800.0,36.419346431318615,1.22,12.9347509292748
1.9099999999999813,0.02436680482928076,24.36680482928076,0.08873360965856153,0.10126639034143847,0.06313913608556634,0.006183952984805938,248.12112618690736,8.255968596355403,1197.4265378860764,12.266892002865694,1.3554116861527943,21.467061005014962,1.6655692014769057,2800.0,36.344111875992596,1.22,12.888723558276375
1.9149999999999812,0.02442813928929509,24.42813928929509,0.08885627857859019,0.10114372142140982,0.06308026235717552,0.00620106269514139,247.88976705378022,8.243555643223846,1195.6261919521269,12.259880231302152,1.3533738075516566,21.454790404778766,1.6706313232202699,2800.0,36.26780455747147,1.22,12.842324998086958
1.919999999999981,0.0244894386904516,24.4894386904516,0.08897887738090321,0.10102112261909679,0.06302113888245085,0.006218186242096821,247.65742647957777,8.231097177313432,1193.8192449502856,12.252836165487853,1.3513284569559716,21.442463289603744,1.6757310696968364,2800.0,36.19135207996049,1.22,12.795885734506903
1.924999999999981,0.02455070287127904,24.55070287127904,0.08910140574255808,0.10089859425744191,0.06296176630436291,0.006235323539963807,247.42410699101467,8.218593427330072,1192.0057300515277,12.245759846341212,1.3492756719132013,21.430079731097123,1.6808324053756691,2800.0,36.11553577990484,1.22,12.749682634960537
1.9299999999999808,0.024611931670510744,24.611931670510746,0.08922386334102149,0.1007761366589785,0.06290214526838636,0.006252474502865968,247.18981112464607,8.20604462264522,1190.1856805233567,12.238651314962489,1.3472154900800717,21.417639801184354,1.685904667144273,2800.0,36.041006211993626,1.22,12.703944783226298
1.9349999999999807,0.024673124927085555,24.673124927085556,0.08934624985417111,0.10065375014582889,0.06284227642249002,0.006269639044759959,246.95454142682854,8.193450993289526,1188.3591297288847,12.231510612633471,1.3451479492215324,21.405143572108575,1.6909220259423763,2800.0,35.96829798321283,1.22,12.658859038860273
1.9399999999999806,0.024734282480148723,24.73428248014872,0.08946856496029745,0.10053143503970255,0.06278216041712686,0.006286817079436492,246.71830045368077,8.180812769946469,1186.5261111259085,12.22433778081712,1.3430730872097087,21.39259111642996,1.6685512326634242,2800.0,36.48543891257326,1.22,12.821057392575261
1.9449999999999805,0.024795404169052807,24.795404169052805,0.08959080833810562,0.10040919166189438,0.06272179790522413,0.006304008520521338,246.48109077104462,8.168130183946015,1184.6866582659898,12.217132861157264,1.3409909420228623,21.37998250702521,1.6703351323329898,2800.0,36.48154839803796,1.22,12.799816092692351
1.9499999999999804,0.024856489833358593,24.856489833358594,0.08971297966671718,0.10028702033328281,0.06266118954217324,0.006321213281476348,246.2429149544457,8.155403467258218,1182.8408047935268,12.209895895478272,1.3389015517443423,21.367317817086974,1.7117230549420748,2800.0,35.633890590829466,1.22,12.482929265569805
1.9549999999999803,0.024917539312835985,24.917539312835984,0.08983507862567197,0.10016492137432803,0.0626003359858198,0.006338431275600475,246.0037755890538,8.142632852486843,1180.9885844448308,12.202626925784696,1.336804954561533,21.354597120123216,1.7573619896009656,2800.0,34.74221348832848,1.22,12.151507342532248
1.9599999999999802,0.02497855244746491,24.97855244746491,0.08995710489492982,0.10004289510507017,0.06253923789645346,0.006355662416030774,245.7636752696434,8.129818572862943,1179.1300310471927,12.195325994260964,1.3347011887648061,21.341820489956685,1.7964853222957633,2800.0,34.01881015570708,1.22,11.879763349629576
1.96499999999998,0.025039529077436215,25.039529077436214,0.09007905815487244,0.09992094184512756,0.06247789593679789,0.006372906615743445,245.5226166005538,8.116960862238455,1177.265178517955,12.187993143271036,1.3325902927464646,21.328988000724316,1.8269860147081098,2800.0,33.48372444193859,1.22,11.674412299281864
1.96999999999998,0.02510046904315257,25.100469043152568,0.09020093808630514,0.09979906191369486,0.06241631077200053,0.006390163787554844,245.28060219564935,8.104059955079768,1175.3940608635787,12.180628415358077,1.3304723049996876,21.316099726876633,1.8498233476307373,2800.0,33.1029749642658,1.22,11.523316404335798
1.9749999999999799,0.025161372185229357,25.161372185229357,0.09032274437045872,0.09967725562954127,0.06235448306962242,0.006407433844122521,245.03763467827923,8.091116086461255,1173.516712178706,12.173231853244095,1.3283472641174703,21.303155743177165,1.8666996392180497,2800.0,32.836227110625934,1.22,11.412203278777588
1.9799999999999798,0.02522223834449558,25.22223834449558,0.09044447668899117,0.09955552331100884,0.062292413499628094,0.006424716697946239,244.7937166812376,8.078129492058856,1171.6331666452286,12.16580349982964,1.3262152087915684,21.290156124701866,1.8791671316418486,2800.0,32.65087408359712,1.22,11.329570300700412
1.9849999999999797,0.02528306736199473,25.28306736199473,0.09056613472398946,0.09943386527601053,0.06223010273437518,0.006442012261369005,244.54885084672304,8.065100408143573,1169.7434585313445,12.15834339819343,1.3240761778114314,21.2771009468385,1.8885185379607263,2800.0,32.52172755639528,1.22,11.26655657286483
1.9899999999999796,0.025343859078985696,25.343859078985695,0.09068771815797139,0.0993122818420286,0.06216755144860424,0.006459320446578119,244.30303982629837,8.052029071575019,1167.8476221906228,12.150851591592053,1.3219302100631438,21.26399028528609,1.895679875785872,2800.0,32.43146860099327,1.22,11.217078662330001
1.9949999999999795,0.025404613336943657,25.404613336943658,0.09080922667388731,0.09919077332611267,0.06210476031942835,0.006476641165606196,244.05628628084986,8.038915719794895,1165.9456920610573,12.143328123459566,1.3197773445283523,21.25082421605424,1.9012997667488554,2800.0,32.368300143071465,1.22,11.176998276496018
1.9999999999999793,0.025465329977560954,25.465329977560955,0.09093065995512191,0.09906934004487808,0.06204173002632284,0.006493974330332206,243.80859288054685,8.025760590820518,1164.0377026641272,12.135773037407212,1.317617620283206,21.23760281546262,1.90581311518023,2800.0,32.324451679355725,1.22,11.14359149189411
2.0049999999999795,0.02552600884274799,25.526008842747988,0.09105201768549598,0.09894798231450402,0.06197846125111488,0.006511319852482521,243.55996230480073,8.012563923238288,1162.123688603851,12.12818637722304,1.3154510764972807,21.224326160140322,1.9095082435043917,2800.0,32.29483352636543,1.22,11.115074382286377
2.0099999999999794,0.025586649774634103,25.586649774634104,0.0911732995492682,0.09882670045073179,0.06191495467797301,0.006528677643631958,243.31039724222407,7.999325956197162,1160.2036845658388,12.120568186871564,1.31327775243251,21.210994327025237,1.9126182679582233,2800.0,32.2753914762069,1.22,11.090030186561274
2.0149999999999793,0.02564725261556846,25.64725261556846,0.09129450523113691,0.09870549476886308,0.06185121099339684,0.006546047615204821,243.0599003905898,7.986046929402136,1158.2777253163467,12.112918510493433,1.3110976874421152,21.19760739336351,1.915171950271648,2800.0,32.265574178726716,1.22,11.068252848187777
2.019999999999979,0.025707817208120928,25.70781720812093,0.09141563441624186,0.09858436558375813,0.06178723088620641,0.006563429678475957,242.80847445678964,7.97272708310767,1156.3458457013253,12.105237392405062,1.308910920969524,21.18416543670886,1.9172747933551197,2800.0,32.263559759100765,1.22,11.049102356182235
2.024999999999979,0.02576834339508295,25.76834339508295,0.09153668679016591,0.09846331320983409,0.0617230150475318,0.006580823744571789,242.55612215679318,7.959366658111164,1154.4080806454706,12.0975248770983,1.3067174925473002,21.170668534922026,1.9189664230875998,2800.0,32.26865541503585,1.22,11.032328799614225
2.029999999999979,0.025828831019468444,25.828831019468446,0.09165766203893688,0.0983423379610631,0.06165856417080252,0.006598229724471391,242.30284621560622,7.945965895746363,1152.4644651512688,12.089781009240069,1.304517441796062,21.15711676617012,1.9202588903537154,2800.0,32.28064366794359,1.22,11.017846016727951
2.034999999999979,0.025889279924514643,25.889279924514643,0.09177855984902929,0.0982214401509707,0.06159387895173697,0.006615647529007529,242.04864936722936,7.932525037876791,1150.5150342980453,12.08200583367201,1.302310808423404,21.143510208926017,1.9211553287623766,2800.0,32.299466021238814,1.22,11.005622446232307
2.0399999999999787,0.025949689953683002,25.949689953683002,0.091899379907366,0.09810062009263398,0.061528960088331884,0.0066330770688677225,241.79353435461633,7.919044326889178,1148.5598232410089,12.074199395410146,1.300097632222816,21.129848941967754,1.9216538599125794,2800.0,32.32515677559297,1.22,10.995658158191405
2.0449999999999786,0.026010060950660052,26.01006095066005,0.09202012190132011,0.09797987809867989,0.0614638082808516,0.006650518254595304,241.53750392963218,7.905524005686849,1146.5988672102944,12.066361739644513,1.2978779530725983,21.1161330443779,1.9217563125975003,2800.0,32.357696385862084,1.22,10.987934789628314
2.0499999999999785,0.026070392759358275,26.070392759358274,0.09214078551871654,0.09785921448128344,0.06139842423181747,0.006667970996590475,241.2805608530113,7.891964317683115,1144.6322015100038,12.05849291173881,1.2956518109347808,21.102362595542917,1.92147583278562,2800.0,32.396882869955355,1.22,10.982372109749724
2.0549999999999784,0.02613068522391697,26.13068522391697,0.09226137044783395,0.09773862955216606,0.06133280864599713,0.006685435205111383,241.02270789431557,7.878365506794678,1142.6598615172504,12.050592957230037,1.2934192458540335,21.088537675152565,1.9208441368003402,2800.0,32.44220753627305,1.22,10.97878649866977
2.0599999999999783,0.02619093818870312,26.190938188703118,0.09238187637740625,0.09761812362259376,0.061266962230393844,0.006702910790275172,240.7639478318922,7.864727817434999,1140.6818826811955,12.042661921828147,1.2911802979565825,21.074658363199255,1.9199177875215379,2800.0,32.49274466689811,1.22,10.976854582093837
2.064999999999978,0.02625115149831226,26.25115149831226,0.09250230299662451,0.09749769700337547,0.06120088569423564,0.006720397662059059,240.50428345283126,7.8510514945076695,1138.6983005220877,12.034699851415686,1.2889350074491204,21.06072473997745,1.9188095194408805,2800.0,32.546613446522514,1.22,10.97593300772987
2.069999999999978,0.026311324997569337,26.311324997569336,0.09262264999513867,0.09737735000486132,0.06113457974896464,0.006737895730301408,240.2437175529236,7.837336783399769,1136.7091506303002,12.026706792047415,1.2866834146177155,21.046736886082975,1.9175864220345116,2800.0,32.602694950483325,1.22,10.975639295439374
2.074999999999978,0.026371458531529574,26.371458531529573,0.09274291706305915,0.09725708293694085,0.06106804510822619,0.006755404904702792,239.98225293661824,7.8235839299752294,1134.7144686653676,12.018682789949981,1.2844255598267227,21.032694882412468,1.9164036099998343,2800.0,32.65836056207541,1.22,10.975086235834365
2.079999999999978,0.026431551945479324,26.431551945479324,0.09286310389095864,0.09713689610904135,0.06100128248785802,0.006772925094827071,239.71989241697966,7.80979318056817,1132.7142903550189,12.010627891521525,1.2821614835176893,21.01859881016267,1.9154556264024378,2800.0,32.710284111701185,1.22,10.973158824691382
2.0849999999999778,0.02649160508493693,26.491605084936932,0.09298321016987386,0.09701678983012613,0.06093429260587939,0.006790456210102476,239.45663881564528,7.795964781976244,1130.7086514942137,12.002542143331327,1.2798912262082622,21.004448750829823,1.914947791836146,2800.0,32.75492925154664,1.22,10.968679585091834
2.0899999999999777,0.026551617795653588,26.551617795653588,0.09310323559130718,0.09689676440869283,0.0608670761824802,0.006807998159822673,239.1924949627826,7.782098981453968,1128.6975879441732,11.994425592119457,1.277614828491094,20.99024478620905,1.9150011312117066,2800.0,32.79018766518044,1.22,10.960956860076415
2.0949999999999775,0.026611589923614187,26.611589923614186,0.09322317984722837,0.09677682015277161,0.06079963394001001,0.006825550853147863,238.927463697046,7.768196026706034,1126.681135631412,11.986278284796377,1.275332331032744,20.975986998393658,1.9158190234411523,2800.0,32.812546157868,1.22,10.948835324078289
2.0999999999999774,0.02667152131503817,26.67152131503817,0.09334304263007634,0.09665695736992366,0.060731966602967195,0.00684311419910584,238.66154786553415,7.754256165880663,1124.659330546772,11.978100268442606,1.2730437745725856,20.961675469774562,1.917545594488658,2800.0,32.81952822041148,1.22,10.931513456588398
2.1049999999999773,0.026731411816380383,26.731411816380383,0.09346282363276076,0.09653717636723923,0.06066407489798782,0.0068606881065931,238.3947503237464,7.740279647562866,1122.6322087444473,11.969891590308334,1.270749199921704,20.947310283039588,1.920280269013172,2800.0,32.80946727294678,1.22,10.908465092860828
2.1099999999999772,0.026791261274331925,26.791261274331927,0.09358252254866385,0.09641747745133614,0.060595959553834775,0.006878272484375909,238.1270739355399,7.726266720767794,1120.5998063410175,11.961652297813055,1.2684486479618007,20.932891521172845,1.9240624679411913,2800.0,32.78178083426016,1.22,10.879528014270614
2.114999999999977,0.02685106953582099,26.85106953582099,0.09370213907164199,0.09629786092835801,0.060527621301386586,0.0068958672410914,237.8585215730858,7.712217634934008,1118.562159514473,11.953382438545201,1.2661421596440905,20.918419267454105,1.9288587298568318,2800.0,32.73718629532907,1.22,10.84497218155876
2.119999999999977,0.026910836448013717,26.91083644801372,0.09382167289602744,0.09617832710397256,0.060459060873626486,0.006913472285248661,237.5890961168262,7.698132639916787,1116.519304503244,11.94508206026176,1.2638297759882016,20.90389360545808,1.9345545224914904,2800.0,32.67781475275053,1.22,10.805533450944663
2.124999999999977,0.026970561858315027,26.970561858315026,0.09394112371663005,0.09605887628336994,0.06039027900563122,0.006931087525229829,237.31880045543014,7.684011985981406,1114.4712776052256,11.93675121088791,1.2615115380810726,20.88931461905384,1.9409548099259861,2800.0,32.607155708328825,1.22,10.762391021278033
2.129999999999977,0.027030245614369466,27.030245614369466,0.09406049122873894,0.09593950877126106,0.06032127643456003,0.006948712869291185,237.04763748575036,7.669855923796432,1112.4181151768055,11.928389938516656,1.2591874870758535,20.874682392404146,1.9477759485683996,2800.0,32.53013426774336,1.22,10.717188703221682
2.1349999999999767,0.02708988756406205,27.08988756406205,0.0941797751281241,0.09582022487187589,0.060252053899643325,0.006966348225564241,236.77561011277888,7.655664704426975,1110.3598536318848,11.919998291408422,1.2568576641907943,20.85999700996474,1.9547316121586362,2800.0,32.45162024259721,1.22,10.671540215655881
2.1399999999999766,0.027149487555519092,27.14948755551909,0.09429897511103819,0.09570102488896182,0.06018261214217177,0.006983993502056851,236.50272124960392,7.641438579328001,1108.296529440909,11.91157631799072,1.2545221107081497,20.84525855648376,1.9614734922323556,2800.0,32.37739475934433,1.22,10.627346553003754
2.1449999999999765,0.027209045437109045,27.209045437109044,0.0944180908742181,0.0955819091257819,0.06011295190548483,0.0070016486066543,236.22897381736496,7.627177800337552,1106.228179129883,11.903124066857728,1.252180867973066,20.830467117001024,1.9677040717689165,2800.0,32.312275144053835,1.22,10.586178793783233
2.1499999999999764,0.02726856105744333,27.268561057443332,0.09453712211488666,0.09546287788511333,0.06004307393495971,0.007019313447120406,235.95437074520933,7.612882619670044,1104.1548392794011,11.894641586769938,1.2498339773924791,20.81562277684739,1.97318744390306,2800.0,32.259981665647395,1.22,10.549237398183056
2.1549999999999763,0.02732803426537718,27.32803426537718,0.09465606853075437,0.09534393146924564,0.05997297897800003,0.00703698793109864,235.6789149702477,7.598553289909514,1102.0765465236664,11.88612892665377,1.2474814804340082,20.800725621644098,1.9777837455529694,2800.0,32.22262763011284,1.22,10.517189085214376
2.159999999999976,0.02738746491001045,27.38746491001045,0.09477492982002089,0.0952250701799791,0.05990266778402456,0.0070546719661132,235.40260943750968,7.584190064002871,1099.9933375495116,11.87758613560119,1.2451234186248445,20.78577573730208,1.9814881944800131,2800.0,32.20013734108731,1.22,10.489982123136866
2.164999999999976,0.027446852840688454,27.446852840688454,0.09489370568137691,0.09510629431862308,0.05983214110445593,0.007072365459570146,235.12545709989965,7.569793195253149,1097.9052490954216,11.869013262869325,1.2427598335506487,20.770773210021318,1.9860102325901876,2800.0,32.16468860934744,1.22,10.458542896293002
2.169999999999976,0.0275061979070028,27.5061979070028,0.0950123958140056,0.09498760418599439,0.0597613996927093,0.007090068318758497,234.84746091815214,7.555362937312772,1095.8123179505553,11.86041035788009,1.2403907668544374,20.75571812629016,1.9874063172230376,2800.0,32.18014160895993,1.22,10.443620887394431
2.174999999999976,0.0275654999587922,27.5654999587922,0.09513099991758439,0.0948690000824156,0.059690444304180974,0.007107780450851334,234.56862386078697,7.540899544176757,1093.7145809537615,11.851777470219787,1.238016260235477,20.740610572884627,1.988742236288536,2800.0,32.196752468543295,1.22,10.429008945669862
2.1799999999999757,0.027624758846143297,27.624758846143298,0.0952495176922866,0.09475048230771341,0.05961927569623707,0.007125501762906928,234.28894890406494,7.526403270176001,1091.612074992603,11.84311464963874,1.235636355448173,20.725450636867794,1.9900128804386308,2800.0,32.21460380899174,1.22,10.41473190480032
2.1849999999999756,0.02768397441939149,27.68397441939149,0.09536794883878298,0.094632051161217,0.05954789462820203,0.007143232161869841,234.0084390319426,7.511874369970485,1089.5048370023735,11.834421946050883,1.2332510943009594,20.710238405589045,1.9912136034665937,2800.0,32.23377096375418,1.22,10.40081203218663
2.1899999999999755,0.027743146529121746,27.743146529121745,0.0954862930582435,0.09451370694175651,0.05947630186134734,0.007160971554572043,233.72709723602782,7.497313098542539,1087.3929039651182,11.825699409533406,1.2308605186551904,20.69497396668346,1.9923382827068314,2800.0,32.25435343708307,1.22,10.387279181609081
2.1949999999999754,0.02780227502616941,27.80227502616941,0.09560455005233882,0.09439544994766116,0.05940449815887993,0.007178719847734035,233.44492651553426,7.482719711190043,1085.27631290865,11.816947090326327,1.2284646704240256,20.679657408071073,1.9933805280075922,2800.0,32.276455405886544,1.22,10.374164449544732
2.1999999999999753,0.027861359761621043,27.861359761621042,0.09572271952324209,0.0942772804767579,0.05933248428593079,0.007196476947965959,233.16192987723682,7.468094463519693,1083.1551009055706,11.808165038832145,1.2260635915713247,20.664288817956255,1.9964000559606618,2800.0,32.2667534959271,1.22,10.35077551528752
2.204999999999975,0.027920400586815202,27.9204005868152,0.0958408011736304,0.09415919882636958,0.0592602610095434,0.007214242761768726,232.87811033542582,7.453437611440195,1081.029305072286,11.79935330561541,1.2236573241105289,20.648868284826968,1.99980961498287,2800.0,32.250998527042135,1.22,10.325417044763954
2.209999999999975,0.027979397353343278,27.979397353343277,0.09595879470668656,0.09404120529331345,0.059187829098662284,0.007232017195535128,232.5934709118623,7.438749411155521,1078.8989625680256,11.79051194140235,1.2212459101035535,20.63339589745411,2.0031888964002182,2800.0,32.23599369254479,1.22,10.300274694280132
2.214999999999975,0.02803834991305029,28.03834991305029,0.09607669982610058,0.09392330017389941,0.05911518932412138,0.007249800155550976,232.3080146357323,7.424030119158118,1076.7641105938594,11.781640997080482,1.218829391659675,20.617871744890845,2.0065364507451178,2800.0,32.22175856360958,1.22,10.275353700768552
2.219999999999975,0.028097258118035692,28.097258118035693,0.09619451623607139,0.09380548376392861,0.05904234245863257,0.007267591547996203,232.02174454360156,7.40927999222215,1074.6247863917165,11.772740523698214,1.2164078109344196,20.602295916471874,2.0065324290883924,2800.0,32.26157866154174,1.22,10.267611735451446
2.2249999999999748,0.028156121820654183,28.15612182065418,0.09631224364130836,0.09368775635869163,0.05896928927677396,0.00728539127894601,231.73466367936973,7.394499287396698,1072.481027243399,11.76381057246444,1.213981210128448,20.58666850181277,1.9959958572576788,2800.0,32.47206057402823,1.22,10.313983582158846
2.2299999999999747,0.028214940873516507,28.214940873516507,0.09642988174703301,0.09357011825296699,0.058896030554978406,0.007303199254371989,231.44677509422513,7.379688261999008,1070.3328704696041,11.754851194748161,1.2115496314864462,20.57098959080928,1.7663666046008044,2800.0,36.739099467610586,1.22,11.645934392797404
2.2349999999999746,0.028273715129490246,28.273715129490245,0.0965474302589805,0.09345256974101951,0.05882256707152175,0.00732101538014324,231.15808184659858,7.36484717360769,1068.1803534289359,11.745862442078067,1.2091131172960095,20.55525927363662,1.6450180742181282,2800.0,39.498511531360656,1.22,12.495461050424304
2.2399999999999745,0.028332444441700636,28.332444441700638,0.09666488888340127,0.09333511111659873,0.058748899606511244,0.0073388395620275155,230.86858700211778,7.349976280055963,1066.0235135169264,11.736844366142169,1.2066717098865334,20.539477640748796,1.2665382326350696,2800.0,51.36618797975224,1.22,16.21702141436016
2.2449999999999743,0.028391128663531346,28.391128663531347,0.09678225732706269,0.09321774267293731,0.05867502894187383,0.0073566717056923496,230.57829363356154,7.335075839424865,1063.8623881650508,11.727797018787367,1.2042254516280981,20.52364478287789,1.943852029517266,2800.0,33.510342192362515,1.22,10.558234099729654
2.2499999999999742,0.028449767648625283,28.449767648625283,0.09689953529725057,0.09310046470274944,0.05860095586134445,0.007374511716706186,230.2872048208135,7.3201461100364735,1061.697014839744,11.718720452019067,1.2017743849303566,20.507760791033366,2.045170469604066,2800.0,31.89048794111626,1.22,10.0274090086014
2.254999999999974,0.028508361250885378,28.50836125088538,0.09701672250177076,0.09298327749822924,0.058526681150454285,0.00739235950053952,229.9953236508162,7.30518735044713,1059.5274310414184,11.709614718000783,1.1993185522414223,20.49182575650137,2.0171582050146424,2800.0,32.374384393810324,1.22,10.158759836268082
2.259999999999974,0.028566909324475382,28.566909324475382,0.09713381864895076,0.09286618135104924,0.0584522055965191,0.0074102149625660235,229.70265321752504,7.290199819440677,1057.3536743034822,11.700479869053725,1.1968579960467571,20.47583977084402,2.017460017735425,2800.0,32.41078409242013,1.22,10.149316264432297
2.264999999999974,0.02862541172382065,28.625411723820648,0.0972508234476413,0.0927491765523587,0.058377529988627344,0.007428078008063699,229.40919662186172,7.2751837760216596,1055.1757821913538,11.691315957656403,1.194392758868057,20.459802925898703,2.01760946528681,2800.0,32.449839662514364,1.22,10.140616049791515
2.269999999999974,0.02868386830360893,28.683868303608932,0.09736773660721787,0.09263226339278213,0.05830265511762849,0.007445948542216006,229.11495697166825,7.260139479408568,1052.9937923014822,11.682123036444219,1.191922883262143,20.443715313777382,2.0175693889288016,2800.0,32.492158595533475,1.22,10.132843720746411
2.2749999999999737,0.02874227891879115,28.74227891879115,0.09748455783758231,0.0925154421624177,0.058227581776121154,0.007463826470112998,228.81993738166037,7.245067189027056,1050.8077422603624,11.672901158209054,1.189448411819845,20.427577026865844,2.017291775043257,2800.0,32.53852826838608,1.22,10.126238196964747
2.2799999999999736,0.028800643424582197,28.800643424582198,0.09760128684916439,0.0923987131508356,0.058152310758441246,0.007481711696752479,228.524140973381,7.229967164503173,1048.6176697235542,11.663650375898891,1.1869693871648943,20.41138815782306,2.016712093993291,2800.0,32.59001033081268,1.22,10.121121511899338
2.2849999999999735,0.02885896167646169,28.858961676461693,0.09771792335292338,0.0922820766470766,0.05807684286065019,0.007499604127041141,228.22757087515382,7.214839665656589,1046.4236123747003,11.654370742617363,1.1844858519528085,20.395148799580387,2.01574551891433,2800.0,32.64800701120757,1.22,10.117918461535316
2.2899999999999734,0.02891723353017478,28.91723353017478,0.09783446706034957,0.09216553293965044,0.058001178880523016,0.007517503665795692,227.93023022203664,7.199684952493839,1044.2256079245453,11.64506231162339,1.1819978488697838,20.37885904534093,2.014275814566033,2800.0,32.714449647649374,1.22,10.117213788684381
2.2949999999999733,0.028975458841732898,28.975458841732898,0.0979509176834658,0.09204908231653419,0.05792531961753645,0.007535410217744022,227.6321221557744,7.184503285201535,1042.0236941099522,11.635725136330732,1.179505420631581,20.36251898857878,2.0045952703184735,2800.0,32.915483386039334,1.22,10.157920299464617
2.299999999999973,0.029033637467414553,29.033637467414554,0.09806727493482911,0.09193272506517089,0.05784926587285706,0.007553323687526344,227.33324982475284,7.169294924139628,1039.8179086929244,11.626359270307608,1.1770086099824173,20.346128723038316,1.9961031987038296,2800.0,33.09897424391253,1.22,10.192924261756648
2.304999999999973,0.029091769263766092,29.091769263766093,0.09818353852753219,0.0918164614724678,0.05777301844932927,0.007571243979696329,227.0336163839511,7.154060129834623,1037.608289459622,11.616964767276269,1.174507459693855,20.32968834273347,1.9890703240241998,2800.0,33.25984193688068,1.22,10.220698633522085
2.309999999999973,0.029149854087602473,29.149854087602474,0.09829970817520495,0.09170029182479505,0.057696578151463465,0.007589170998722279,226.73322499489532,7.138799162972849,1035.3948742193852,11.607541681112592,1.172002012563694,20.31319794194704,1.9835729107616058,2800.0,33.39620759314929,1.22,10.240711511908907
2.314999999999973,0.029207891796008037,29.207891796008038,0.09841578359201608,0.09158421640798392,0.05761994578542395,0.007607104648988252,226.43207882561097,7.123512284393668,1033.1777008037504,11.598090065845652,1.1694923114148585,20.29665761522989,1.9796113225621983,2800.0,33.50754450301357,1.22,10.252849831632634
2.3199999999999728,0.029265882246337267,29.265882246337267,0.09853176449267453,0.09146823550732547,0.05754312215901708,0.007625044834795226,226.13018105057645,7.108199755082759,1030.9568070654757,11.588609975657342,1.166978399094295,20.280067457400346,1.9771056466474657,2800.0,33.59480147643871,1.22,10.257452600870778
2.3249999999999726,0.029323825296215553,29.323825296215553,0.09864765059243111,0.0913523494075689,0.05746610808167915,0.0076429914603622535,225.8275348506754,7.092861836165348,1028.7322308775574,11.57910146488192,1.164460318471859,20.26342756354336,1.9759620040124473,2800.0,33.6592940378994,1.22,10.254968224285609
2.3299999999999725,0.029381720803539964,29.381720803539963,0.09876344160707992,0.09123655839292007,0.0573889043644644,0.007660944429827609,225.52414341314955,7.077498788899465,1026.5040101322547,11.569564588005614,1.1619381124392094,20.246738029009823,1.976056390957699,2800.0,33.70296505246978,1.22,10.2460325128663
2.3349999999999724,0.029439568626479992,29.439568626479993,0.09887913725295999,0.09112086274704001,0.05731151182003306,0.0076789036472499446,225.22000993155183,7.062110874669226,1024.2721827401135,11.55999939966621,1.159411823908704,20.22999894941587,1.977253834172524,2800.0,33.72803860489395,1.22,10.231361598487974
2.3399999999999723,0.029497368623478324,29.497368623478323,0.09899473724695665,0.09100526275304335,0.057233931262639155,0.007696869016609443,224.9151376056984,7.0466983549780595,1022.0367866289848,11.55040595465262,1.1568814958122904,20.21321042064208,1.9794181416488377,2800.0,33.73682851462156,1.22,10.211693019952145
2.344999999999972,0.029555120653251585,29.555120653251585,0.09911024130650317,0.09088975869349683,0.05715616350811855,0.00771484044180898,224.60952964162158,7.03126149144201,1019.7978597430528,11.540784307904463,1.1543471711004034,20.196372538832808,1.9824166005205996,2800.0,33.731634182505125,1.22,10.187753943106141
2.349999999999972,0.029612824574791106,29.612824574791105,0.0992256491495822,0.09077435085041778,0.05707820937387676,0.00773281782667528,224.30318925152207,7.015800545782987,1017.555440041856,11.531134514511661,1.1518088927408583,20.179485400395407,1.9861238687345788,2800.0,33.71465396779928,1.22,10.160235078012724
2.354999999999972,0.029670480247363663,29.670480247363663,0.09934096049472732,0.09065903950527267,0.05700006967887695,0.007750801074960074,223.99611965372173,7.000315779822059,1015.3095654993152,11.521456629714004,1.1492667037177497,20.162549101999506,1.9904241883769769,2800.0,33.687931877507424,1.22,10.129774959397157
2.359999999999972,0.029728087530512235,29.728087530512234,0.09945617506102447,0.09054382493897553,0.056921745243627704,0.007768790090341256,223.68832407261561,6.984807455472726,1013.0602741027571,11.51175070890074,1.1467206470303475,20.145563740576293,1.9952132519919725,2800.0,33.65331492163193,1.22,10.096947642295104
2.364999999999972,0.02978564628405674,29.78564628405674,0.09957129256811348,0.09042870743188652,0.05684323689017098,0.007786784776424048,223.3798057386244,6.969275834734216,1010.807603851942,11.50201680761014,1.1441707656919948,20.128529413317747,2.0003962429032733,2800.0,33.61247922709548,1.22,10.062271154890903
2.3699999999999717,0.02984315636809479,29.84315636809479,0.09968631273618958,0.09031368726381042,0.056764545442069846,0.007804785036742155,223.0705678881465,6.953721179684764,1008.5515927580892,11.492254981529086,1.1416171027290074,20.1114462176759,2.0058912938784235,2800.0,33.566867915218666,1.22,10.02618949444169
2.3749999999999716,0.029900617643002437,29.900617643002438,0.09980123528600487,0.09019876471399513,0.0566856717243964,0.00782279077475894,222.76061376351038,6.938143752474932,1006.2922788429084,11.482465286492637,1.1390597011795731,20.094314251362118,2.011626912727644,2800.0,33.51773344906538,1.22,9.989086010047185
2.3799999999999715,0.0299580299694349,29.9580299694349,0.0999160599388698,0.09008394006113019,0.05660661656371956,0.007840801893868573,222.44994661292662,6.922543815320909,1004.0297001376275,11.472647778483621,1.1364986040926548,20.077133612346337,2.0175416059991123,2800.0,33.46614439299843,1.22,9.951286036752578
